x,f_x,fourier_series,fft_restored,error_series,error_fft
-3.14159265358979,1,0.980233928082664,1,0.0197660719173361,0
-3.1384510609362,0.998001,0.980193932805581,0.998007804870604,0.0178070671944193,6.80487060444879e-06
-3.13530946828261,0.996004,0.980074003602394,0.996015609741209,0.0159299963976056,1.16097412092842e-05
-3.13216787562902,0.994009,0.979874310216609,0.994023414611814,0.0141346897833913,1.44146118136179e-05
-3.12902628297543,0.992016,0.979595135085531,0.992031890869137,0.0124208649144689,1.58908691373361e-05
-3.12588469032184,0.990025,0.979236872638928,0.990047492980955,0.0107881273610724,2.24929809548025e-05
-3.12274309766825,0.988036,0.978800028320044,0.988063095092772,0.00923597167995627,2.70950927725444e-05
-3.11960150501466,0.986049,0.978285217331879,0.98607869720459,0.00776378266812094,2.96972045902288e-05
-3.11645991236107,0.984064,0.977693163112424,0.984095642089845,0.006370836887576,3.16420898451852e-05
-3.11331831970748,0.982081,0.977024695543351,0.982119041442871,0.00505630445664929,3.80414428712283e-05
-3.1101767270539,0.9801,0.976280748897451,0.980142440795898,0.00381925110254888,4.2440795897658e-05
-3.10703513440031,0.978121,0.975462359530862,0.978165840148924,0.00265864046913744,4.48401489242523e-05
-3.10389354174672,0.976144,0.974570663326886,0.976191253662107,0.00157333667311366,4.72536621071162e-05
-3.10075194909313,0.974169,0.973606892898926,0.974222450256346,0.00056210710107385,5.3450256346288e-05
-3.09761035643954,0.972196,0.97257237456076,0.972253646850585,0.000376374560759896,5.76468505850691e-05
-3.09446876378595,0.970225,0.971468525073057,0.970284843444824,0.00124352507305769,5.98434448243479e-05
-3.09132717113236,0.968256,0.970296848175686,0.968318725585938,0.00204084817568595,6.2725585937784e-05
-3.08818557847877,0.966289,0.969058930915965,0.966357719421386,0.00276993091596445,6.87194213857545e-05
-3.08504398582518,0.964324,0.96775643978362,0.964396713256834,0.00343243978362007,7.27132568341116e-05
-3.08190239317159,0.962361,0.966391116663737,0.962435707092282,0.00403011666373665,7.47070922823001e-05
-3.078760800518,0.9604,0.964964774619509,0.960478057861325,0.00456477461950877,7.80578613256422e-05
-3.07561920786441,0.958441,0.963479293517081,0.958524848937987,0.00503829351708118,8.38489379867413e-05
-3.07247761521082,0.956484,0.961936615505202,0.956571640014648,0.00545261550520215,8.7640014648227e-05
-3.06933602255723,0.954529,0.960338740362799,0.954618431091309,0.00580974036279869,8.94310913094332e-05
-3.06619442990364,0.952576,0.958687720727953,0.952669250488282,0.00611172072795274,9.32504882822371e-05
-3.06305283725005,0.950625,0.956985657222054,0.950723838806152,0.0063606572220537,9.88388061523571e-05
-3.05991124459646,0.948676,0.955234693483186,0.948778427124022,0.00655869348318583,0.000102427124022419
-3.05676965194287,0.946729,0.953437011123015,0.946833015441893,0.00670801112301544,0.000104015441892646
-3.05362805928928,0.944784,0.951594824621635,0.944892303466795,0.00681082462163463,0.000108303466794801
-3.05048646663569,0.942841,0.949710376174946,0.942954689025878,0.0068693761749461,0.000113689025877828
-3.0473448739821,0.9409,0.947785930509259,0.94101707458496,0.00688593050925868,0.000117074584960353
-3.04420328132851,0.938961,0.945823769677803,0.939079460144043,0.00686276967780275,0.000118460144043153
-3.04106168867492,0.937024,0.943826187853881,0.937147216796875,0.00680218785388098,0.000123216796874659
-3.03792009602133,0.935089,0.941795486135297,0.935217399597167,0.00670648613529667,0.000128399597166817
-3.03477850336774,0.933156,0.93973396737463,0.933287582397459,0.00657796737463023,0.000131582397458918
-3.03163691071415,0.931225,0.93764393104977,0.931357765197751,0.0064189310497702,0.000132765197751072
-3.02849531806056,0.929296,0.935527668188933,0.929433990478514,0.0062316681889335,0.000137990478513705
-3.02535372540697,0.927369,0.933387456364171,0.927511970520019,0.00601845636417064,0.000142970520018437
-3.02221213275338,0.925444,0.931225554767081,0.925589950561524,0.0057815547670812,0.000145950561523778
-3.01907054009979,0.923521,0.929044199380146,0.923667930603029,0.005523199380146,0.000146930603028839
-3.0159289474462,0.9216,0.926845598256732,0.921752624511719,0.00524559825673221,0.000152624511719601
-3.01278735479261,0.919681,0.924631926922422,0.919838401794433,0.00495092692242172,0.000157401794433465
-3.00964576213902,0.917764,0.922405323909888,0.917924179077147,0.0046413239098877,0.00016017907714716
-3.00650416948543,0.915849,0.920167886439067,0.916009956359861,0.00431888643906686,0.000160956359861353
-3.00336257683184,0.913936,0.917921666253872,0.914103118896483,0.00398566625387164,0.000167118896482799
-3.00022098417825,0.912025,0.915668665626153,0.91219669342041,0.00364366562615337,0.000171693420409569
-2.99707939152466,0.910116,0.913410833537036,0.910290267944336,0.00329483353703552,0.000174267944335837
-2.99393779887107,0.908209,0.911150062045169,0.908384101867677,0.00294106204516931,0.000175101867676664
-2.99079620621748,0.906304,0.908888182850805,0.906485473632812,0.00258418285080531,0.00018147363281229
-2.98765461356389,0.904401,0.906626964063944,0.904586845397948,0.00222596406394471,0.000185845397948414
-2.9845130209103,0.9025,0.904368107184143,0.902688217163084,0.00186810718414321,0.000188217163084037
-2.98137142825671,0.900601,0.902113244298854,0.900790519714353,0.0015122442988541,0.000189519714352993
-2.97822983560312,0.898704,0.899863935506483,0.898899688720702,0.00115993550648352,0.000195688720701748
-2.97508824294953,0.896809,0.897621666569589,0.897008857727051,0.000812666569589005,0.000199857727050445
-2.97194665029594,0.894916,0.89538784680293,0.895118026733399,0.000471846802929998,0.000202026733399419
-2.96880505764235,0.893025,0.893163807200298,0.893228797912599,0.000138807200297797,0.000203797912599279
-2.96566346498876,0.891136,0.890950798803322,0.891345764160157,0.000185201196677753,0.000209764160157055
-2.96252187233517,0.889249,0.888749991314647,0.889462730407715,0.000499008685352798,0.000213730407714663
-2.95938027968158,0.887364,0.88656247195713,0.887579696655272,0.000801528042870148,0.000215696655272546
-2.956238687028,0.885481,0.884389244579924,0.885698936462401,0.00109175542007567,0.000217936462400758
-2.95309709437441,0.8836,0.882231229011547,0.883823699951171,0.00136877098845289,0.000223699951170553
-2.94995550172082,0.881721,0.880089260659252,0.88194846343994,0.00163173934074823,0.000227463439940512
-2.94681390906723,0.879844,0.87796409035329,0.88007322692871,0.00187990964670959,0.000229226928710302
-2.94367231641364,0.877969,0.875856384433875,0.878200935363769,0.00211261556612452,0.000231935363768754
-2.94053072376005,0.876096,0.87376672507793,0.876333496093749,0.00232927492207013,0.000237496093748457
-2.93738913110646,0.874225,0.871695610861975,0.874466056823728,0.00252938913802514,0.000241056823728436
-2.93424753845287,0.872356,0.869643457556821,0.872598617553708,0.0027125424431792,0.000242617553708246
-2.93110594579928,0.870489,0.867610599149001,0.870734794616697,0.002878400850999,0.000245794616696604
-2.92796435314569,0.868624,0.865597289083261,0.868875152587889,0.00302671091673878,0.000251152587888992
-2.9248227604921,0.866761,0.863603701719736,0.867015510559081,0.0031572982802639,0.000254510559081322
-2.92168116783851,0.8649,0.86162993399885,0.865155868530274,0.00327006600114976,0.000255868530273817
-2.91853957518492,0.863041,0.859676007306371,0.863300514221192,0.00336499269362944,0.000259514221191748
-2.91539798253133,0.861184,0.857741869530479,0.861448669433593,0.00344213046952058,0.000264669433593601
-2.91225638987774,0.859329,0.855827397302205,0.859596824645995,0.00350160269779454,0.000267824645994952
-2.90911479722415,0.857476,0.853932398410041,0.857744979858396,0.0035436015899587,0.000268979858396579
-2.90597320457056,0.855625,0.852056614379112,0.855898094177244,0.00356838562088857,0.000273094177244082
-2.90283161191697,0.853776,0.850199723204821,0.854054046630858,0.00357627679517947,0.000278046630857842
-2.89969001926338,0.851929,0.848361342230512,0.852209999084472,0.00356765776948753,0.000280999084471878
-2.89654842660979,0.850084,0.846541031158311,0.850365951538086,0.0035429688416887,0.000281951538085634
-2.8934068339562,0.848241,0.844738295181998,0.848527534484863,0.00350270481800219,0.000286534484862822
-2.89026524130261,0.8464,0.842952588230478,0.846691284179686,0.00344741176952201,0.000291284179686047
-2.88712364864902,0.844561,0.841183316310174,0.84485503387451,0.00337768368982594,0.000294033874509991
-2.88398205599543,0.842724,0.839429840934454,0.843018783569333,0.0032941590655462,0.000294783569333212
-2.88084046334184,0.840889,0.837691482628061,0.841188835144041,0.00319751737193874,0.000299835144040972
-2.87769887068825,0.839056,0.835967524494374,0.839360382080077,0.0030884755056263,0.000304382080077104
-2.87455727803466,0.837225,0.834257215833254,0.837531929016113,0.00296778416674659,0.000306929016113178
-2.87141568538107,0.835396,0.832559775797205,0.835703475952149,0.00283622420279472,0.000307475952149527
-2.86827409272748,0.833569,0.830874397073563,0.833881996154786,0.00269460292643664,0.000312996154785639
-2.86513250007389,0.831744,0.829200249580466,0.832061340332031,0.00254375041953392,0.000317340332031013
-2.8619909074203,0.829921,0.827536484164476,0.830240684509276,0.00238451583552379,0.000319684509276108
-2.85884931476671,0.8281,0.825882236287801,0.828420028686522,0.0022177637121984,0.000320028686521812
-2.85570772211312,0.826281,0.824236629693265,0.826607017517089,0.00204437030673488,0.000326017517088606
-2.85256612945953,0.824464,0.822598780035349,0.824794158935546,0.00186521996465105,0.000330158935545888
-2.84942453680594,0.822649,0.820967798465887,0.822981300354004,0.00168120153411266,0.000332300354003556
-2.84628294415235,0.820836,0.819342795163256,0.821168960571289,0.00149320483674387,0.000332960571289065
-2.84314135149876,0.819025,0.817722882794214,0.819363899230956,0.00130211720578621,0.000338899230956535
-2.83999975884517,0.817216,0.816107179897898,0.817558837890624,0.00110882010210189,0.000342837890623726
-2.83685816619158,0.815409,0.81449481418185,0.815753776550291,0.000914185818149948,0.000344776550291193
-2.83371657353799,0.813604,0.812884925720351,0.813949905395505,0.000719074279649345,0.000345905395505497
-2.8305749808844,0.811801,0.81127667004579,0.812152641296385,0.000524329954210145,0.000351641296385319
-2.82743338823081,0.81,0.80966922112425,0.810355377197265,0.000330778875750393,0.000355377197265416
-2.82429179557722,0.808201,0.808061774206974,0.808558113098145,0.000139225793026165,0.000357113098145012
-2.82115020292363,0.806404,0.806453548549908,0.80676271057129,4.95485499083514e-05,0.000358710571290222
-2.81800861027004,0.804609,0.80484378999404,0.804973243713379,0.000234789994039808,0.000364243713379064
-2.81486701761645,0.802816,0.803231773399797,0.803183776855468,0.00041577339979737,0.000367776855468294
-2.81172542496286,0.801025,0.801616804929376,0.801394309997557,0.000591804929376383,0.000369309997557243
-2.80858383230927,0.799236,0.79999822417142,0.799607376098631,0.000762224171420134,0.000371376098631249
-2.80544223965569,0.797449,0.798375406103095,0.797825706481933,0.000926406103095023,0.000376706481932554
-2.8023006470021,0.795664,0.796747762885224,0.796044036865234,0.00108376288522372,0.000380036865233913
-2.79915905434851,0.793881,0.795114745486744,0.794262367248535,0.00123374548674426,0.000381367248535325
-2.79601746169492,0.7921,0.79347584513541,0.792483901977539,0.00137584513541011,0.000383901977539014
-2.79287586904133,0.790321,0.791830594592271,0.79071002960205,0.00150959459227096,0.000389029602050228
-2.78973427638774,0.788544,0.790178569248117,0.788936157226561,0.00163456924811656,0.000392157226561163
-2.78659268373415,0.786769,0.788519388040701,0.787162284851072,0.0017503880407006,0.000393284851072262
-2.78345109108056,0.784996,0.786852714192199,0.785392288208006,0.00185671419219946,0.000396288208005746
-2.78030949842697,0.783225,0.785178255766991,0.783626213073729,0.00195325576699101,0.000401213073729534
-2.77716790577338,0.781456,0.783495766050463,0.781860137939453,0.0020397660504633,0.000404137939453153
-2.77402631311979,0.779689,0.781805043750182,0.780094062805177,0.00211604375018215,0.000405062805176826
-2.7708847204662,0.777924,0.780105933021353,0.77833253479004,0.00218193302135294,0.000408534790039994
-2.76774312781261,0.776161,0.778398323319096,0.776574256896973,0.00223732331909621,0.000413256896972802
-2.76460153515902,0.7744,0.776682149080654,0.774815979003906,0.00228214908065394,0.000415979003905775
-2.76145994250543,0.772641,0.774957389241186,0.773057701110839,0.00231638924118593,0.00041670111083858
-2.75831834985184,0.770884,0.773224066587374,0.771304641723632,0.00234006658737396,0.000420641723631765
-2.75517675719825,0.769129,0.771482246953568,0.769554161071776,0.00235324695356809,0.000425161071776481
-2.75203516454466,0.767376,0.769732038265713,0.767803680419921,0.00235603826571273,0.00042768041992125
-2.74889357189107,0.765625,0.767973589438773,0.766053199768066,0.00234858943877336,0.000428199768066073
-2.74575197923748,0.763876,0.766207089133829,0.764308609008788,0.00233108913382929,0.000432609008788387
-2.74261038658389,0.762129,0.764432764381437,0.762565925598143,0.00230376438143709,0.000436925598143234
-2.7394687939303,0.760384,0.762650879078253,0.760823242187498,0.00226687907825263,0.000439242187498023
-2.73632720127671,0.758641,0.760861732364293,0.759080558776853,0.00222073236429354,0.000439558776852977
-2.73318560862312,0.7569,0.75906565688854,0.757344436645506,0.00216565688853965,0.000444436645505863
-2.73004401596953,0.755161,0.757263016970899,0.755609550476073,0.00210201697089951,0.000448550476073173
-2.72690242331594,0.753424,0.755454206668836,0.75387466430664,0.00203020666883613,0.000450664306640314
-2.72376083066235,0.751689,0.753639647757201,0.752139778137208,0.00195064775720044,0.000450778137207397
-2.72061923800876,0.749956,0.751819787630022,0.750412124633789,0.00186378763002215,0.00045612463378919
-2.71747764535517,0.748225,0.749995097133207,0.748685035705566,0.00177009713320686,0.000460035705565742
-2.71433605270158,0.746496,0.748166068337205,0.746957946777343,0.00167006833720484,0.00046194677734257
-2.71119446004799,0.744769,0.746333212258859,0.745230964660643,0.00156421225885894,0.000461964660642522
-2.7080528673944,0.743044,0.744497056541693,0.743511672973632,0.00145305654169259,0.000467672973631594
-2.70491127474081,0.741321,0.742658143103952,0.74179238128662,0.00133714310395217,0.000471381286620276
-2.70176968208722,0.7396,0.740817025763729,0.740073089599609,0.00121702576372862,0.000473089599609011
-2.69862808943363,0.737881,0.738974267850449,0.73835457611084,0.00109326785044916,0.000473576110839757
-2.69548649678004,0.736164,0.737130439811976,0.736643081665038,0.000966439811976194,0.000479081665038295
-2.69234490412645,0.734449,0.735286116826466,0.734931587219237,0.000837116826466366,0.000482587219237107
-2.68920331147286,0.732736,0.733441876427998,0.733220092773436,0.000705876427998131,0.000484092773435751
-2.68606171881927,0.731025,0.731598296154847,0.731510047912596,0.000573296154846803,0.000485047912595737
-2.68292012616568,0.729316,0.729755951229073,0.729806350708007,0.000439951229073365,0.000490350708006626
-2.67977853351209,0.727609,0.727915412275896,0.728102653503417,0.000306412275895895,0.000493653503417457
-2.6766369408585,0.725904,0.726077243091067,0.726398956298828,0.00017324309106681,0.000494956298828231
-2.67349534820491,0.724201,0.724241998464178,0.724697380065918,4.09984641783767e-05,0.000496380065918567
-2.67035375555132,0.7225,0.72241022206557,0.723001480102539,8.97779344294358e-05,0.000501480102539031
-2.66721216289773,0.720801,0.720582444404132,0.721305580139159,0.000218555595867698,0.000504580139159105
-2.66407057024414,0.719104,0.718759180862987,0.71960968017578,0.000344819137013452,0.000505680175779788
-2.66092897759055,0.717409,0.716940929819652,0.717916572570799,0.000468070180348223,0.000507572570799031
-2.65778738493696,0.715716,0.715128170856891,0.716228469848632,0.000587829143109064,0.000512469848631625
-2.65464579228338,0.714025,0.713321363070044,0.714540367126464,0.000703636929955898,0.00051536712646405
-2.65150419962979,0.712336,0.71152094347622,0.712852264404296,0.000815056523779889,0.00051626440429664
-2.6483626069762,0.710649,0.709727325530266,0.711167625427246,0.000921674469733902,0.000518625427245678
-2.64522101432261,0.708964,0.707940897751995,0.709487319946288,0.0010231022480045,0.000523319946288181
-2.64207942166902,0.707281,0.706162022468662,0.707807014465331,0.00111897753133783,0.000526014465330515
-2.63893782901543,0.7056,0.704391034676208,0.706126708984373,0.00120896532379233,0.000526708984373014
-2.63579623636184,0.703921,0.70262824102231,0.704450538635252,0.00129275897768977,0.000529538635252069
-2.63265464370825,0.702244,0.70087391891377,0.702778030395507,0.00137008108623038,0.000534030395506702
-2.62951305105466,0.700569,0.699128315750266,0.701105522155761,0.00144068424973365,0.000536522155761388
-2.62637145840107,0.698896,0.697391648286024,0.699433013916016,0.001504351713976,0.000537013916016127
-2.62322986574748,0.697225,0.695664102120411,0.697765312194825,0.00156089787958891,0.000540312194824533
-2.62008827309389,0.695556,0.693945831318003,0.696100601196289,0.00161016868199659,0.000544601196288963
-2.6169466804403,0.693889,0.692236958158133,0.694435890197753,0.00165204184186718,0.000546890197753225
-2.61380508778671,0.692224,0.690537573013467,0.692771179199217,0.00168642698653254,0.000547179199217429
-2.61066349513312,0.690561,0.688847734356648,0.691111946105956,0.00171326564335228,0.00055094610595563
-2.60752190247953,0.6889,0.687167468893558,0.689455032348632,0.00173253110644189,0.000555032348631967
-2.60438030982594,0.687241,0.685496771821318,0.687798118591308,0.00174422817868203,0.000557118591308026
-2.60123871717235,0.685584,0.683835607208631,0.686141204833984,0.00174839279136907,0.00055720483398447
-2.59809712451876,0.683929,0.682183908495676,0.684490440368652,0.00174509150432389,0.000561440368652022
-2.59495553186517,0.682276,0.680541579110309,0.682841323852538,0.00173442088969145,0.000565323852538158
-2.59181393921158,0.680625,0.678908493196899,0.681192207336424,0.00171650680310076,0.000567207336424458
-2.58867234655799,0.678976,0.677284496453775,0.679543090820311,0.00169150354622505,0.000567090820310479
-2.5855307539044,0.677329,0.675669407074817,0.677900794982909,0.00165959292518336,0.000571794982908935
-2.58238916125081,0.675684,0.674063016790438,0.676259475708007,0.00162098320956217,0.000575475708007089
-2.57924756859722,0.674041,0.672465092002811,0.674618156433106,0.00157590799718887,0.000577156433105519
-2.57610597594363,0.6724,0.670875375009913,0.672976837158204,0.00152462499008699,0.000576837158203669
-2.57296438329004,0.670761,0.669293585312655,0.671343009948731,0.00146741468734513,0.0005820099487307
-2.56982279063645,0.669124,0.66771942099911,0.669709487915039,0.00140457900089008,0.000585487915038763
-2.56668119798286,0.667489,0.666152560199611,0.668075965881347,0.00133643980038944,0.000586965881346657
-2.56353960532927,0.665856,0.664592662606262,0.666442810058592,0.00126333739373807,0.000586810058592291
-2.56039801267568,0.664225,0.663039371050244,0.664817085266112,0.00118562894975605,0.000592085266112097
-2.55725642002209,0.662596,0.66149231313011,0.663191360473632,0.00110368686988993,0.000595360473631956
-2.5541148273685,0.660969,0.659951102884152,0.661565635681152,0.00101789711584777,0.000596635681151647
-2.55097323471491,0.659344,0.658415342499806,0.659940948486328,0.000928657500193997,0.000596948486327742
-2.54783164206132,0.657721,0.656884624052987,0.658323020935058,0.000836375947012802,0.000602020935057568
-2.54469004940773,0.6561,0.655358531270198,0.656705093383788,0.000741468729802075,0.000605093383787669
-2.54154845675414,0.654481,0.653836641306232,0.655087165832518,0.000644358693767999,0.000606165832517602
-2.53840686410055,0.652864,0.652318526530299,0.653470947265623,0.000545473469701241,0.000606947265622715
-2.53526527144696,0.651249,0.650803756313437,0.651860816955565,0.000445243686563068,0.000611816955564892
-2.53212367879337,0.649636,0.649291898810129,0.650250686645507,0.000344101189870938,0.00061468664550679
-2.52898208613978,0.648025,0.647782522727144,0.648640556335449,0.000242477272855757,0.000615556335448963
-2.52584049348619,0.646416,0.646275199072718,0.647032806396484,0.000140800927281637,0.000616806396484426
-2.5226989008326,0.644809,0.644769502879347,0.645430473327636,3.9497120652876e-05,0.000621473327636179
-2.51955730817901,0.643204,0.643265014893621,0.643828140258788,6.1014893621314e-05,0.000624140258788208
-2.51641571552542,0.641601,0.641761323226711,0.64222580718994,0.00016032322671089,0.00062480718994018
-2.51327412287183,0.64,0.640258024959348,0.640626525878905,0.00025802495934768,0.00062652587890466
-2.51013253021824,0.638401,0.638754727695348,0.639031990051268,0.000353727695347805,0.00063099005126821
-2.50699093756465,0.636804,0.637251051058008,0.637437454223632,0.000447051058008241,0.000633454223632146
-2.50384934491107,0.635209,0.63574662812396,0.635842918395996,0.000537628123959855,0.000633918395995581
-2.50070775225748,0.633616,0.634241106789371,0.63425210571289,0.000625106789371332,0.0006361057128903
-2.49756615960389,0.632025,0.632734151063685,0.632665367126464,0.000709151063685298,0.000640367126463981
-2.4944245669503,0.630436,0.631225442286431,0.631078628540038,0.000789442286430742,0.000642628540037604
-2.49128297429671,0.628849,0.62971468026295,0.629491889953612,0.000865680262950308,0.000642889953611614
-2.48814138164312,0.627264,0.628201584315286,0.627909545898436,0.000937584315285678,0.000645545898436017
-2.48499978898953,0.625681,0.626685894244783,0.626330604553222,0.00100489424478278,0.000649604553221717
-2.48185819633594,0.6241,0.625167371203399,0.624751663208007,0.00106737120339917,0.000651663208007358
-2.47871660368235,0.622521,0.623645798471041,0.623172721862793,0.00112479847104074,0.000651721862793275
-2.47557501102876,0.620944,0.622120982136683,0.621598846435547,0.00117698213668305,0.00065484643554703
-2.47243341837517,0.619369,0.620592751681401,0.620027702331543,0.00122375168140121,0.000658702331542638
-2.46929182572158,0.617796,0.619060960461862,0.618456558227538,0.00126496046186153,0.000660558227538299
-2.46615023306799,0.616225,0.617525486093204,0.616885414123534,0.00130048609320399,0.000660414123533792
-2.4630086404144,0.614656,0.615986230730676,0.615320007324218,0.00133023073067595,0.000664007324217675
-2.45986704776081,0.613089,0.61444312124977,0.613756660461425,0.00135412124976986,0.000667660461425079
-2.45672545510722,0.611524,0.612896109325018,0.612193313598632,0.00137210932501808,0.000669313598632315
-2.45358386245363,0.609961,0.611345171408004,0.61062996673584,0.00138417140800429,0.000668966735839494
-2.45044226980004,0.6084,0.60979030860554,0.609073028564453,0.00139030860553957,0.000673028564452616
-2.44730067714645,0.606841,0.60823154645934,0.60751747894287,0.00139054645933978,0.00067647894287004
-2.44415908449286,0.605284,0.60666893462892,0.605961929321288,0.00138493462891964,0.00067792932128774
-2.44101749183927,0.603729,0.605102546479782,0.604406379699705,0.00137354647978238,0.000677379699705383
-2.43787589918568,0.602176,0.603532478579352,0.602857910156249,0.00135647857935239,0.000681910156248633
-2.43473430653209,0.600625,0.60195885010343,0.601310157775878,0.00133385010343023,0.000685157775878187
-2.4315927138785,0.599076,0.600381802156297,0.599762405395508,0.00130580215629705,0.000686405395507794
-2.42845112122491,0.597529,0.598801497007891,0.598214653015137,0.00127249700789123,0.000685653015137011
-2.42530952857132,0.595984,0.597218117251807,0.596674652099609,0.00123411725180689,0.000690652099609168
-2.42216793591773,0.594441,0.595631864888124,0.595134696960449,0.00119086488812414,0.000693696960448853
-2.41902634326414,0.5929,0.594042960335363,0.593594741821288,0.00114296033536321,0.000694741821288147
-2.41588475061055,0.591361,0.592451641376093,0.592055412292479,0.00109064137609338,0.000694412292479241
-2.41274315795696,0.589824,0.590858162040962,0.59052325439453,0.00103416204096241,0.000699254394530224
-2.40960156530337,0.588289,0.589262791436108,0.588991096496581,0.000973791436108207,0.000702096496581373
-2.40645997264978,0.586756,0.587665812519114,0.587458938598632,0.000909812519114039,0.000702938598632352
-2.40331837999619,0.585225,0.586067520828825,0.585928077697754,0.000842520828824855,0.000703077697753796
-2.4001767873426,0.583696,0.584468223174482,0.584403717041015,0.000772223174482001,0.000707717041015021
-2.39703519468901,0.582169,0.582868236289764,0.582879356384276,0.000699236289763649,0.000710356384276412
-2.39389360203542,0.580644,0.581267885457404,0.581354995727538,0.000623885457404216,0.000710995727537855
-2.39075200938183,0.579121,0.579667503110146,0.579832603454589,0.000546503110146146,0.000711603454588539
-2.38761041672824,0.5776,0.578067427413825,0.578316040039062,0.000467427413825439,0.000716040039061672
-2.38446882407465,0.576081,0.576468000838421,0.576799476623535,0.000387000838420692,0.000718476623534747
-2.38132723142106,0.574564,0.5748695687229,0.575282913208008,0.000305568722900329,0.000718913208007876
-2.37818563876747,0.573049,0.573272477839676,0.573768989562988,0.000223477839676245,0.000719989562988577
-2.37504404611388,0.571536,0.571677074964444,0.572260223388672,0.000141074964444599,0.000724223388671952
-2.37190245346029,0.570025,0.570083705457114,0.570751457214355,5.87054571141721e-05,0.000726457214355047
-2.3687608608067,0.568516,0.56849271185945,0.569242691040038,2.32881405503038e-05,0.000726691040038085
-2.36561926815311,0.567009,0.566904432514935,0.567737236022948,0.000104567485064377,0.000728236022948359
-2.36247767549952,0.565504,0.565319200216253,0.566236267089843,0.000184799783747081,0.000732267089842864
-2.35933608284593,0.564001,0.563737340885598,0.564735298156738,0.000263659114401849,0.000734298156737645
-2.35619449019234,0.5625,0.562159172292909,0.563234329223632,0.000340827707091318,0.000734329223632257
-2.35305289753876,0.561001,0.560585002816877,0.561737342834472,0.000415997183122685,0.000736342834471992
-2.34991130488517,0.559504,0.559015130253419,0.560244171142577,0.000488869746580467,0.000740171142577295
-2.34676971223158,0.558009,0.557449840676046,0.558750999450682,0.000559159323953451,0.000741999450682429
-2.34362811957799,0.556516,0.55588940735235,0.557257827758787,0.000626592647649415,0.000741827758787506
-2.3404865269244,0.555025,0.554334089720558,0.555769309997557,0.000690910279441792,0.000744309997557036
-2.33734493427081,0.553536,0.552784132429832,0.554283935546874,0.000751867570167986,0.000747935546874023
-2.33420334161722,0.552049,0.551239764447733,0.552798561096191,0.000809235552266863,0.000749561096190954
-2.33106174896363,0.550564,0.549701198237952,0.551313186645508,0.000862801762047449,0.000749186645507938
-2.32792015631004,0.549081,0.54816862901112,0.549833137512207,0.000912370988879974,0.00075213751220693
-2.32477856365645,0.5476,0.54664223405119,0.548355560302734,0.000957765948810252,0.000755560302733715
-2.32163697100286,0.546121,0.545122172119576,0.546877983093261,0.000998827880423603,0.000756983093260888
-2.31849537834927,0.544644,0.5436085829389,0.545400405883788,0.00103541706109933,0.000756405883788003
-2.31535378569568,0.543169,0.542101586757851,0.543928825378417,0.00106741324214876,0.000759825378417012
-2.31221219304209,0.541696,0.540601283998358,0.542459045410155,0.00109471600164235,0.000763045410155372
-2.3090706003885,0.540225,0.539107754985916,0.540989265441894,0.00111724501408372,0.000764265441894119
-2.30592900773491,0.538756,0.537621059763573,0.539519485473633,0.00113494023642746,0.000763485473632586
-2.30278741508132,0.537289,0.536141237989736,0.538056373596191,0.00114776201026368,0.000767373596190946
-2.29964582242773,0.535824,0.534668308919653,0.53659439086914,0.00115569108034719,0.00077039086913977
-2.29650422977414,0.534361,0.533202271470033,0.535132408142089,0.0011587285299669,0.000771408142088426
-2.29336263712055,0.5329,0.531743104366001,0.533670425415037,0.00115689563399868,0.000770425415037357
-2.29022104446696,0.531441,0.530290766369214,0.532215782165526,0.00115023363078637,0.000774782165525956
-2.28707945181337,0.529984,0.528845196585662,0.530761596679687,0.00113880341433792,0.000777596679686798
-2.28393785915978,0.528529,0.527406314851379,0.529307411193847,0.00112268514862068,0.000778411193847361
-2.28079626650619,0.527076,0.525974022193966,0.527853439331055,0.00110197780603383,0.000777439331055119
-2.2776546738526,0.525625,0.524548201367549,0.526407051086426,0.00107679863245058,0.000782051086425817
-2.27451308119901,0.524176,0.523128717458527,0.524960662841796,0.00104728254147324,0.000784662841796568
-2.27137148854542,0.522729,0.52171541855917,0.523514274597167,0.00101358144082997,0.000785274597167152
-2.26822989589183,0.521284,0.520308136505908,0.522068771362304,0.000975863494092288,0.000784771362303482
-2.26508830323824,0.519841,0.518906687678871,0.520630180358886,0.000934312321128505,0.000789180358885755
-2.26194671058465,0.5184,0.517510873859072,0.519191589355468,0.000889126140927621,0.00079158935546797
-2.25880511793106,0.516961,0.516120483139346,0.51775299835205,0.000840516860654117,0.000791998352050349
-2.25566352527747,0.515524,0.51473529088504,0.516315963745117,0.000788709114959651,0.000791963745116808
-2.25252193262388,0.514089,0.513355060740221,0.514885169982909,0.000733939259778937,0.000796169982909545
-2.24938033997029,0.512656,0.51197954567503,0.513454376220702,0.00067645432497021,0.000798376220702224
-2.2462387473167,0.511225,0.510608489069687,0.512023582458495,0.000616510930312453,0.000798582458495178
-2.24309715466311,0.509796,0.509241625830512,0.510595016479491,0.000554374169487892,0.000799016479491099
-2.23995556200952,0.508369,0.507878683533227,0.509172019958495,0.000490316466773444,0.000803019958495299
-2.23681396935593,0.506944,0.506519383588754,0.5077490234375,0.000424616411246137,0.000805023437499552
-2.23367237670234,0.505521,0.505163442426623,0.506326026916504,0.000357557573377298,0.000805026916503637
-2.23053078404875,0.5041,0.503810572691087,0.50490592956543,0.00028942730891246,0.000805929565429797
-2.22738919139516,0.502681,0.502460484445025,0.503490730285644,0.000220515554975154,0.000809730285644128
-2.22424759874157,0.501264,0.501112886376684,0.502075531005859,0.000151113623316323,0.000811531005858623
-2.22110600608798,0.499849,0.499767487004377,0.500660331726073,8.15129956230898e-05,0.000811331726073283
-2.21796441343439,0.498436,0.49842399587424,0.499248703002929,1.20041257599679e-05,0.000812703002928794
-2.2148228207808,0.497025,0.49708212474625,0.497841300964355,5.71247462499147e-05,0.000816300964354699
-2.21168122812721,0.495616,0.495741588763759,0.496433898925781,0.000125588763758899,0.000817898925780658
-2.20853963547362,0.494209,0.494402107601908,0.495026496887207,0.000193107601907827,0.000817496887206726
-2.20539804282003,0.492804,0.493063406590387,0.493623336791992,0.00025940659038709,0.000819336791991809
-2.20225645016644,0.491401,0.491725217806148,0.492223731994628,0.000324217806147886,0.000822731994628401
-2.19911485751286,0.49,0.490387281131815,0.490824127197265,0.000387281131815298,0.000824127197264768
-2.19597326485927,0.488601,0.489049345275715,0.489424522399901,0.000448345275715356,0.000823522399901133
-2.19283167220568,0.487204,0.487711168749611,0.488029830932616,0.000507168749611042,0.000825830932616178
-2.18969007955209,0.485809,0.48637252080043,0.486638023376464,0.000563520800429596,0.000829023376464122
-2.1865484868985,0.484416,0.485033182292485,0.485246215820312,0.00061718229248553,0.000830215820312175
-2.18340689424491,0.483025,0.483692946536902,0.48385440826416,0.00066794653690222,0.00082940826416017
-2.18026530159132,0.481636,0.482351620065189,0.482468185424805,0.00071562006518916,0.000832185424804788
-2.17712370893773,0.480249,0.481009023344165,0.481084175109863,0.000760023344164862,0.000835175109862973
-2.17398211628414,0.478864,0.479664991429665,0.479700164794921,0.000800991429664832,0.000836164794921435
-2.17084052363055,0.477481,0.478319374556746,0.47831615447998,0.000838374556746402,0.000835154479979727
-2.16769893097696,0.4761,0.476972038664368,0.476938400268554,0.000872038664367913,0.000838400268553918
-2.16455733832337,0.474721,0.475622865852787,0.475562187194824,0.000901865852786621,0.000841187194823567
-2.16141574566978,0.473344,0.474271754772224,0.474185974121093,0.00092775477222401,0.000841974121093103
-2.15827415301619,0.471969,0.472918620941606,0.472809761047363,0.000949620941605944,0.000840761047362693
-2.1551325603626,0.470596,0.471563396996497,0.471440475463866,0.000967396996497394,0.000844475463866401
-2.15199096770901,0.469225,0.470206032865632,0.470072059631347,0.00098103286563217,0.000847059631346792
-2.14884937505542,0.467856,0.468846495875726,0.468703643798827,0.000990495875725583,0.000847643798826903
-2.14570778240183,0.466489,0.467484770784566,0.467335227966307,0.000995770784566086,0.0008462279663074
-2.14256618974824,0.465124,0.466120859742651,0.465974411010741,0.000996859742651124,0.000850411010741181
-2.13942459709465,0.463761,0.46475478218394,0.464613792419433,0.00099378218394014,0.000852792419432702
-2.13628300444106,0.4624,0.463386574646564,0.463253173828124,0.000986574646564098,0.000853173828124554
-2.13314141178747,0.461041,0.462016290524624,0.461893028259277,0.000975290524623473,0.000852028259277049
-2.12999981913388,0.459684,0.460643999752467,0.460540206909179,0.000959999752466689,0.000856206909179202
-2.12685822648029,0.458329,0.459269788423121,0.459187385559081,0.00094078842312062,0.000858385559081298
-2.1237166338267,0.456976,0.457893758342785,0.457834564208983,0.000917758342785291,0.000858564208983392
-2.12057504117311,0.455625,0.456516026523572,0.456482887268065,0.000891026523572258,0.000857887268065294
-2.11743344851952,0.454276,0.455136724616884,0.455137863159179,0.000860724616883968,0.0008618631591788
-2.11429185586593,0.452929,0.453755998290078,0.453792839050292,0.000826998290078484,0.000863839050292192
-2.11115026321234,0.451584,0.452374006549262,0.452447814941406,0.000790006549261479,0.000863814941405527
-2.10800867055875,0.450241,0.450990921011265,0.451104606628417,0.00074992101126542,0.000863606628417446
-2.10486707790516,0.4489,0.449606925128054,0.449767379760742,0.000706925128053815,0.000867379760741527
-2.10172548525157,0.447561,0.448222213366967,0.448430152893065,0.000661213366967561,0.00086915289306555
-2.09858389259798,0.446224,0.446836990350397,0.447092926025389,0.000612990350396581,0.00086892602538946
-2.09544229994439,0.444889,0.445451469958594,0.445758186340331,0.00056246995859377,0.000869186340330785
-2.0923007072908,0.443556,0.444065874399488,0.444428756713866,0.000509874399488353,0.000872756713866274
-2.08915911463721,0.442225,0.442680433249464,0.443099327087402,0.000455433249464621,0.000874327087401872
-2.08601752198362,0.440896,0.441295382469165,0.441769897460937,0.000399382469165155,0.000873897460937134
-2.08287592933003,0.439569,0.439910963398467,0.440443626403808,0.000341963398466705,0.000874626403808199
-2.07973433667644,0.438244,0.438527421734831,0.439121994018554,0.000283421734830869,0.000877994018554318
-2.07659274402285,0.436921,0.437145006499279,0.4378003616333,0.000224006499279339,0.000879361633300157
-2.07345115136926,0.4356,0.435763968994276,0.436478729248046,0.000163968994276176,0.000878729248046273
-2.07030955871567,0.434281,0.434384561757803,0.435160926818847,0.00010356175780285,0.000879926818846855
-2.06716796606208,0.432964,0.433007037517911,0.433847091674804,4.30375179107934e-05,0.000883091674803937
-2.06402637340849,0.431649,0.431631648152009,0.432533256530761,1.73518479907875e-05,0.000884256530761129
-2.0608847807549,0.430336,0.430258643655105,0.431219421386718,7.73563448953074e-05,0.00088342138671843
-2.05774318810131,0.429025,0.428888271121153,0.429910087585449,0.000136728878846804,0.000885087585448752
-2.05460159544772,0.427716,0.427520773741609,0.428604049682616,0.000195226258390691,0.00088804968261641
-2.05146000279413,0.426409,0.426156389825165,0.427298011779784,0.000252610174834966,0.000889011779784232
-2.04831841014055,0.425104,0.424795351842569,0.425991973876952,0.00030864815743098,0.000887973876951886
-2.04517681748696,0.423801,0.42343788550029,0.424691108703612,0.000363114499709605,0.00089010870361228
-2.04203522483337,0.4225,0.422084208846658,0.423392868041991,0.000415791153341782,0.000892868041991401
-2.03889363217978,0.421201,0.420734531413956,0.422094627380371,0.000466468586043656,0.000893627380370521
-2.03575203952619,0.419904,0.419389053399792,0.42079638671875,0.0005149466002079,0.000892386718749694
-2.0326104468726,0.418609,0.418047964890878,0.41950399017334,0.000561035109122199,0.000894990173339716
-2.02946885421901,0.417316,0.416711445132177,0.418213546752929,0.000604554867822904,0.000897546752929246
-2.02632726156542,0.416025,0.415379661844173,0.416923103332519,0.000645338155826569,0.000898103332518774
-2.02318566891183,0.414736,0.414052770590801,0.415632659912108,0.000683229409198405,0.000896659912108466
-2.02004407625824,0.413449,0.412730914200371,0.414348731994628,0.000718085799628843,0.000899731994628061
-2.01690248360465,0.412164,0.41141422224158,0.413066085815429,0.000749777758419445,0.000902085815429166
-2.01376089095106,0.410881,0.410102810556487,0.41178343963623,0.000778189443512878,0.000902439636229935
-2.01061929829747,0.4096,0.40879678085206,0.410500793457031,0.000803219147940348,0.000900793457030924
-2.00747770564388,0.408321,0.40749622035169,0.40922533416748,0.000824779648310403,0.000904334167479814
-2.00433611299029,0.407044,0.406201201507792,0.407950485229492,0.000842798492208252,0.00090648522949166
-2.0011945203367,0.405769,0.404911781776369,0.406675636291503,0.000857218223631218,0.000906636291503116
-1.99805292768311,0.404496,0.403628003454158,0.405400848388671,0.000867996545841798,0.000904848388670887
-1.99491133502952,0.403225,0.402349893578721,0.404133796691894,0.000875106421279082,0.00090879669189381
-1.99176974237593,0.401956,0.401077463891581,0.402866744995117,0.000878536108419314,0.000910744995116619
-1.98862814972234,0.400689,0.399810710864253,0.401599693298339,0.000878289135747334,0.000910693298339482
-1.98548655706875,0.399424,0.398549615786761,0.400333374023437,0.00087438421323871,0.000909374023437159
-1.98234496441516,0.398161,0.397294144917981,0.399074119567871,0.000866855082019335,0.000913119567870713
-1.97920337176157,0.3969,0.396044249696892,0.397814865112304,0.000855750303107805,0.000914865112304042
-1.97606177910798,0.395641,0.394799867013606,0.396555610656738,0.000841132986394377,0.000914610656737647
-1.97292018645439,0.394384,0.393560919538751,0.395297760009765,0.000823080461248571,0.00091376000976473
-1.9697785938008,0.393129,0.392327316109629,0.394046302795409,0.000801683890370775,0.000917302795409303
-1.96663700114721,0.391876,0.39109895217126,0.392794845581054,0.000777047828739497,0.000918845581053984
-1.96349540849362,0.390625,0.389875710270291,0.391543388366698,0.000749289729709002,0.000918388366698497
-1.96035381584003,0.389376,0.388657460599475,0.390294006347656,0.000718539400525242,0.000918006347655598
-1.95721222318644,0.388129,0.387444061590284,0.389050346374511,0.000684938409715563,0.000921346374511023
-1.95407063053285,0.386884,0.386235360550995,0.387806686401366,0.000648639449005395,0.000922686401366335
-1.95092903787926,0.385641,0.38503119434743,0.386563026428222,0.000609805652570128,0.000922026428221645
-1.94778744522567,0.3844,0.38383139012339,0.385322113037108,0.00056860987661006,0.000922113037108374
-1.94464585257208,0.383161,0.382635766057632,0.384086250305175,0.000525233942368086,0.000925250305174929
-1.94150425991849,0.381924,0.381444132154143,0.382850387573242,0.000479867845856741,0.000926387573241538
-1.9383626672649,0.380689,0.380256291062327,0.381614524841308,0.000432708937672888,0.00092552484130809
-1.93522107461131,0.379456,0.379072038923608,0.380382080078124,0.000383961076391937,0.000926080078124503
-1.93207948195772,0.378225,0.37789116624088,0.379154014587402,0.000333833759119884,0.000929014587401744
-1.92893788930413,0.376996,0.376713458767137,0.377925949096679,0.000282541232862532,0.000929949096679039
-1.92579629665054,0.375769,0.375538698409569,0.376697883605956,0.000230301590431081,0.000928883605956332
-1.92265470399695,0.374544,0.374366664145349,0.375473907470702,0.000177335854650795,0.000929907470702374
-1.91951311134336,0.373321,0.373197132945333,0.374253639221191,0.000123867054666604,0.000932639221190801
-1.91637151868977,0.3721,0.372029880701838,0.373033370971679,7.01192981621412e-05,0.000933370971678948
-1.91322992603618,0.370881,0.370864683156698,0.371813102722167,1.63168433019445e-05,0.000932102722167261
-1.91008833338259,0.369664,0.369701316825806,0.370597595214843,3.73168258055445e-05,0.000933595214843042
-1.906946740729,0.368449,0.368539559916359,0.369385124206542,9.05599163593118e-05,0.000936124206542266
-1.90380514807541,0.367236,0.367379193233112,0.368172653198241,0.000143193233112127,0.000936653198241377
-1.90066355542182,0.366025,0.366220001069951,0.366960182189941,0.000195001069950573,0.000935182189940709
-1.89752196276823,0.364816,0.365061772083231,0.365753143310546,0.000245772083231066,0.000937143310546118
-1.89438037011465,0.363609,0.363904300143375,0.364548469543456,0.000295300143374644,0.000939469543456306
-1.89123877746106,0.362404,0.362747385161331,0.363343795776367,0.000343385161330645,0.000939795776366603
-1.88809718480747,0.361201,0.361590833886642,0.362139122009277,0.00038983388664221,0.000938122009276787
-1.88495559215388,0.36,0.360434460673965,0.360940551757812,0.00043446067396502,0.000940551757811936
-1.88181399950029,0.358801,0.359278088215042,0.359743675231933,0.000477088215041666,0.000942675231932977
-1.8786724068467,0.357604,0.358121548233286,0.358546798706054,0.000517548233285814,0.000942798706054016
-1.87553081419311,0.356409,0.356964682138291,0.357349922180175,0.000555682138290603,0.000940922180174941
-1.87238922153952,0.355216,0.355807341637757,0.35615982055664,0.000591341637756759,0.000943820556639885
-1.86924762888593,0.354025,0.354649389304515,0.354970741271972,0.000624389304514528,0.000945741271971889
-1.86610603623234,0.352836,0.353490699096512,0.353781661987304,0.000654699096511946,0.000945661987303947
-1.86296444357875,0.351649,0.352331156827836,0.352592582702636,0.000682156827835789,0.000943582702636114
-1.85982285092516,0.350464,0.351170660589047,0.351410949707031,0.000706660589047281,0.00094694970703052
-1.85668125827157,0.349281,0.350009121115323,0.350229667663573,0.000728121115322833,0.000948667663573433
-1.85353966561798,0.3481,0.348846462101108,0.349048385620116,0.000746462101108014,0.00094838562011651
-1.85039807296439,0.346921,0.347682620460228,0.34786742401123,0.000761620460228485,0.000946424011229741
-1.8472564803108,0.345744,0.346517546530607,0.346693939208984,0.000773546530606795,0.000949939208983619
-1.84411488765721,0.344569,0.345351204222988,0.345520454406738,0.000782204222988025,0.000951454406737662
-1.84097329500362,0.343396,0.34418357111329,0.344346969604492,0.000787571113290308,0.000950969604491481
-1.83783170235003,0.342225,0.343014638478433,0.343174476623535,0.000789638478433274,0.000949476623534506
-1.83469010969644,0.341056,0.341844411275735,0.342008789062499,0.000788411275734979,0.000952789062499515
-1.83154851704285,0.339889,0.340672908066185,0.340843101501464,0.00078390806618539,0.000954101501464244
-1.82840692438926,0.338724,0.339500160882146,0.339677413940429,0.000776160882145549,0.000953413940429138
-1.82526533173567,0.337561,0.338326215040235,0.338513389587402,0.000765215040234968,0.000952389587401792
-1.82212373908208,0.3364,0.3371511289004,0.337355499267578,0.000751128900399689,0.000955499267577542
-1.81898214642849,0.335241,0.335974973572361,0.336197608947753,0.000733973572360991,0.00095660894775329
-1.8158405537749,0.334084,0.334797832570862,0.335039718627929,0.000713832570862438,0.000955718627929147
-1.81269896112131,0.332929,0.333619801421331,0.333884162902832,0.000690801421330878,0.000955162902831541
-1.80955736846772,0.331776,0.332440987217762,0.332734069824218,0.00066498721776248,0.000958069824218255
-1.80641577581413,0.330625,0.331261508134842,0.331583976745605,0.000636508134841729,0.000958976745604967
-1.80327418316054,0.329476,0.330081492896468,0.330433883666992,0.000605492896468163,0.000957883666991621
-1.80013259050695,0.328329,0.32890108020304,0.329286796569824,0.000572080203040282,0.000957796569823699
-1.79699099785336,0.327184,0.327720418120012,0.328144500732421,0.000536418120012483,0.000960500732421321
-1.79384940519977,0.326041,0.326539663430375,0.327002204895019,0.000498663430374802,0.000961204895019052
-1.79070781254618,0.3249,0.325358980953853,0.325859909057617,0.000458980953852661,0.000959909057616615
-1.78756621989259,0.323761,0.324178542835752,0.324721290588378,0.000417542835751905,0.000960290588378432
-1.784424627239,0.322624,0.32299852780847,0.323586791992187,0.000374527808470471,0.000962791992186907
-1.78128303458541,0.321489,0.321819120428819,0.322452293395995,0.000330120428818692,0.000963293395995435
-1.77814144193182,0.320356,0.320640510294364,0.321317794799804,0.000284510294363771,0.000961794799804072
-1.77499984927823,0.319225,0.319462891242089,0.320187644958495,0.000237891242089228,0.000962644958495518
-1.77185825662464,0.318096,0.318286460532726,0.319060943603515,0.000190460532726366,0.000964943603515012
-1.76871666397105,0.316969,0.317111418024149,0.317934242248535,0.000142418024149549,0.00096524224853467
-1.76557507131746,0.315844,0.315937965337271,0.316807540893554,9.39653372712956e-05,0.00096354089355416
-1.76243347866387,0.314721,0.31476630501788,0.315685859680175,4.53050178795267e-05,0.000964859680175179
-1.75929188601028,0.3136,0.313596639697873,0.314566955566406,3.36030212716443e-06,0.000966955566405747
-1.75615029335669,0.312481,0.312429171259329,0.313448051452636,5.18287406712226e-05,0.000967051452636147
-1.7530087007031,0.311364,0.311264100004827,0.312329147338867,9.98999951727919e-05,0.000965147338866656
-1.74986710804951,0.310249,0.310101623837403,0.311215934753417,0.000147376162597135,0.000966934753417525
-1.74672551539592,0.309136,0.308941937453452,0.310104827880859,0.000194062546547857,0.000968827880858725
-1.74358392274234,0.308025,0.30778523155186,0.3089937210083,0.000239768448139721,0.000968721008300089
-1.74044233008875,0.306916,0.306631692062522,0.307882614135742,0.00028430793747819,0.000966614135741561
-1.73730073743516,0.305809,0.305481499397356,0.306777870178222,0.000327500602644359,0.000968870178221948
-1.73415914478157,0.304704,0.304334827726794,0.305674560546874,0.000369172273205598,0.000970560546874388
-1.73101755212798,0.303601,0.303191844284627,0.304571250915527,0.000409155715373088,0.000970250915526938
-1.72787595947439,0.3025,0.302052708703934,0.303467941284179,0.000447291296065855,0.000967941284179152
-1.7247343668208,0.301401,0.300917572386733,0.302371665954589,0.000483427613266807,0.000970665954589278
-1.72159277416721,0.300304,0.299786577909789,0.301276153564452,0.000517422090211328,0.00097215356445246
-1.71845118151362,0.299209,0.298659858468894,0.300180641174316,0.000549141531105801,0.000971641174315807
-1.71530958886003,0.298116,0.297537537363769,0.299085128784179,0.000578462636230848,0.00096912878417893
-1.71216799620644,0.297025,0.29641972752553,0.297997322082519,0.000605272474469509,0.000972322082518906
-1.70902640355285,0.295936,0.295306531088526,0.296909606933593,0.000629468911473863,0.000973606933593107
-1.70588481089926,0.294849,0.294198039008128,0.295821891784667,0.000650960991871619,0.000972891784667418
-1.70274321824567,0.293764,0.293094330725886,0.294734756469726,0.000669669274113827,0.000970756469726108
-1.69960162559208,0.292681,0.291995473883244,0.293654838562011,0.000685526116755819,0.000973838562011275
-1.69646003293849,0.2916,0.290901524084827,0.292574920654296,0.000698475915173136,0.000974920654296385
-1.6933184402849,0.290521,0.289812524712085,0.291495002746582,0.000708475287915344,0.000974002746581548
-1.69017684763131,0.289444,0.288728506787887,0.29041633605957,0.000715493212113227,0.000972336059569812
-1.68703525497772,0.288369,0.287649488892436,0.289344215393066,0.000719511107563686,0.000975215393065831
-1.68389366232413,0.287296,0.286575477130673,0.288272094726562,0.000720522869326723,0.000976094726562071
-1.68075206967054,0.286225,0.285506465151116,0.287199974060058,0.000718534848884456,0.000974974060058142
-1.67761047701695,0.285156,0.284442434215884,0.286129776000976,0.000713565784115966,0.000973776000976145
-1.67446888436336,0.284089,0.283383353321444,0.285065452575683,0.000705646678556326,0.000976452575683184
-1.67132729170977,0.283024,0.282329179369389,0.28400112915039,0.000694820630610882,0.00097712915039011
-1.66818569905618,0.281961,0.281279857386399,0.282936805725097,0.000681142613600749,0.000975805725097145
-1.66504410640259,0.2809,0.280235320792292,0.281875076293945,0.000664679207707519,0.000975076293944888
-1.661902513749,0.279841,0.27919549171491,0.280818550109863,0.000645508285089857,0.00097755010986289
-1.65876092109541,0.278784,0.278160281350382,0.279762023925781,0.00062371864961841,0.000978023925780835
-1.65561932844182,0.277729,0.277129590367133,0.278705497741699,0.000599409632866754,0.00097649774169889
-1.65247773578823,0.276676,0.276103309351833,0.277652236938476,0.000572690648167118,0.000976236938476038
-1.64933614313464,0.275625,0.275081319295302,0.276603507995605,0.000543680704697735,0.000978507995604949
-1.64619455048105,0.274576,0.27406349211626,0.275554779052734,0.000512507883739577,0.000978779052733803
-1.64305295782746,0.273529,0.273049691220625,0.274506050109863,0.000479308779374688,0.000977050109862709
-1.63991136517387,0.272484,0.272039772093956,0.27346125793457,0.000444227906044425,0.000977257934569709
-1.63676977252028,0.271441,0.271033582924491,0.27242032623291,0.000407417075509009,0.000979326232909694
-1.63362817986669,0.2704,0.27003096525413,0.271379394531249,0.000369034745870245,0.0009793945312494
-1.6304865872131,0.269361,0.269031754654578,0.270338462829589,0.000329245345421836,0.000977462829589326
-1.62734499455951,0.268324,0.268035781425811,0.269302139282226,0.000288218574188537,0.00097813928222612
-1.62420340190592,0.267289,0.267042871313909,0.268269004821777,0.000246128686091363,0.000980004821776848
-1.62106180925233,0.266256,0.266052846245243,0.267235870361328,0.00020315375475749,0.000979870361327573
-1.61792021659874,0.265225,0.265065525073966,0.266202735900878,0.000159474926034298,0.000977735900878351
-1.61477862394515,0.264196,0.264080724339673,0.265174880981445,0.00011527566032743,0.000978880981444774
-1.61163703129156,0.263169,0.263098259032097,0.264149543762207,7.0740967902716e-05,0.000980543762206521
-1.60849543863797,0.262144,0.262117943359682,0.263124206542968,2.60566403178508e-05,0.000980206542968487
-1.60535384598438,0.261121,0.261139591518851,0.26209886932373,1.85915188511965e-05,0.000977869323730174
-1.60221225333079,0.2601,0.260163018460825,0.261079483032226,6.30184608250706e-05,0.000979483032226225
-1.5990706606772,0.259081,0.259188040652837,0.260061943054199,0.000107040652836621,0.000980943054198824
-1.59592906802361,0.258064,0.258214476830641,0.259044403076171,0.000150476830641399,0.000980403076171255
-1.59278747537003,0.257049,0.257242148739259,0.258026863098144,0.000193148739259408,0.00097786309814385
-1.58964588271644,0.256036,0.256270881858942,0.25701594543457,0.000234881858942215,0.000979945434569696
-1.58650429006285,0.255025,0.255300506113436,0.256006202697753,0.000275506113435575,0.00098120269775348
-1.58336269740926,0.254016,0.254330856557681,0.254996459960937,0.000314856557681098,0.000980459960937097
-1.58022110475567,0.253009,0.253361774042199,0.253986717224121,0.000352774042199466,0.000977717224120933
-1.57707951210208,0.252004,0.2523931058515,0.252984268188476,0.000389105851500426,0.000980268188476296
-1.57393791944849,0.251001,0.25142470631398,0.251982322692871,0.000423706313980199,0.000981322692870878
-1.5707963267949,0.25,0.250456437380889,0.250980377197266,0.000456437380888575,0.000980377197265569
-1.56765473414131,0.249001,0.249488169172087,0.24997859954834,0.000487169172087465,0.000977599548339814
-1.56451314148772,0.248004,0.248519780486461,0.248984451293945,0.000515780486460643,0.000980451293945472
-1.56137154883413,0.247009,0.24755115927499,0.247990303039551,0.000542159274990378,0.00098130303955099
-1.55822995618054,0.246016,0.246582203074673,0.246996154785157,0.000566203074673227,0.000980154785156673
-1.55508836352695,0.245025,0.24561281940161,0.246002845764161,0.000587819401609901,0.000977845764160573
-1.55194677087336,0.244036,0.24464292610179,0.245016494750977,0.000606926101789862,0.000980494750976862
-1.54880517821977,0.243049,0.243672451658248,0.244030143737793,0.000623451658247842,0.000981143737793122
-1.54566358556618,0.242064,0.242701335453475,0.243043792724609,0.000637335453475274,0.000979792724609435
-1.54252199291259,0.241081,0.241729527986138,0.242058952331543,0.000648527986138348,0.000977952331542992
-1.539380400259,0.2401,0.240756991041354,0.24108039855957,0.000656991041353888,0.000980398559570439
-1.53623880760541,0.239121,0.239783697813967,0.240101844787598,0.000662697813966745,0.000980844787597829
-1.53309721495182,0.238144,0.238809632984462,0.239123291015625,0.00066563298446215,0.000979291015625383
-1.52995562229823,0.237169,0.237834792747344,0.238146919250489,0.000665792747344518,0.000977919250488679
-1.52681402964464,0.236196,0.236859184792011,0.237176162719727,0.000663184792010885,0.00098016271972684
-1.52367243699105,0.235225,0.235882828236339,0.236205406188965,0.000657828236339142,0.000980406188965083
-1.52053084433746,0.234256,0.234905753513406,0.235234649658203,0.000649753513406293,0.000978649658203296
-1.51738925168387,0.233289,0.233928002211941,0.234266746520996,0.000639002211940659,0.000977746520996192
-1.51424765903028,0.232324,0.232949626871304,0.233303787231445,0.000625626871304186,0.000979787231445484
-1.51110606637669,0.231361,0.231970690731979,0.232340827941895,0.00060969073197889,0.000979827941894884
-1.5079644737231,0.2304,0.230991267442717,0.231377868652344,0.000591267442717341,0.000977868652344088
-1.50482288106951,0.229441,0.230011440725688,0.230418434143067,0.000570440725688182,0.000977434143066863
-1.50168128841592,0.228484,0.229031304001112,0.229463272094727,0.000547304001112414,0.000979272094726785
-1.49853969576233,0.227529,0.228050959973059,0.228508110046387,0.000521959973058789,0.0009791100463869
-1.49539810310874,0.226576,0.227070520178207,0.227552947998047,0.000494520178207447,0.000976947998047012
-1.49225651045515,0.225625,0.226090104499549,0.226601982116699,0.000465104499548841,0.000976982116699249
-1.48911491780156,0.224676,0.225109840647117,0.225654617309571,0.000433840647116684,0.000978617309570551
-1.48597332514797,0.223729,0.224129863607983,0.224707252502442,0.000400863607983248,0.000978252502441768
-1.48283173249438,0.222784,0.22315031506787,0.223759887695313,0.000366315067870493,0.00097588769531301
-1.47969013984079,0.221841,0.222171342806833,0.222817390441895,0.000330342806832473,0.000976390441894903
-1.4765485471872,0.2209,0.221193100071568,0.221877822875977,0.00029310007156752,0.000977822875976808
-1.47340695453361,0.219961,0.220215744927011,0.220938255310059,0.000254744927010941,0.000977255310058767
-1.47026536188002,0.219024,0.219239439589927,0.219998687744141,0.000215439589927452,0.000974687744140584
-1.46712376922643,0.218089,0.218264349747299,0.219064659118652,0.000175349747299047,0.000975659118652494
-1.46398217657284,0.217156,0.217290643862349,0.218132888793946,0.00013464386234896,0.000976888793945585
-1.46084058391925,0.216225,0.216318492471093,0.217201118469239,9.34924710934704e-05,0.000976118469238785
-1.45769899126566,0.215296,0.215348067472338,0.216269348144532,5.20674723376302e-05,0.000973348144531927
-1.45455739861207,0.214369,0.214379541414052,0.215343788146973,1.0541414052323e-05,0.00097478814697316
-1.45141580595848,0.213444,0.21341308677908,0.214419815063477,3.09132209198593e-05,0.000975815063476881
-1.44827421330489,0.212521,0.212448875273102,0.213495841979981,7.21247268974934e-05,0.000974841979980628
-1.4451326206513,0.2116,0.211487077117796,0.212571868896484,0.000112922882203714,0.000971868896484318
-1.44199102799772,0.210681,0.210527860352066,0.211654777526856,0.000153139647933953,0.00097377752685554
-1.43884943534413,0.209764,0.209571390144206,0.21073860168457,0.000192609855794057,0.000974601684570503
-1.43570784269054,0.208849,0.20861782811779,0.209822425842286,0.000231171882209863,0.000973425842285602
-1.43256625003695,0.207936,0.207667331694021,0.208906250000001,0.000268668305978714,0.000970250000000533
-1.42942465738336,0.207025,0.206720053453202,0.207997627258301,0.000304946546797524,0.000972627258301301
-1.42628306472977,0.206116,0.205776140517901,0.207089248657227,0.00033985948209847,0.000973248657226866
-1.42314147207618,0.205209,0.204835733960288,0.206180870056153,0.000373266039712494,0.000971870056152513
-1.41999987942259,0.204304,0.20389896823601,0.205272918701172,0.000405031763989899,0.000968918701171939
-1.416858286769,0.203401,0.202965970646879,0.204372337341309,0.000435029353120647,0.00097133734130872
-1.41371669411541,0.2025,0.202036860834476,0.203471755981446,0.000463139165523985,0.000971755981445693
-1.41057510146182,0.201601,0.201111750306695,0.202571174621583,0.000489249693305494,0.000970174621582554
-1.40743350880823,0.200704,0.200190741999075,0.201671691894532,0.000513258000924749,0.000967691894531969
-1.40429191615464,0.199809,0.19927392987264,0.200778907775879,0.000535070127360315,0.000969907775879325
-1.40115032350105,0.198916,0.198361398549782,0.199886123657227,0.000554601450218073,0.000970123657226818
-1.39800873084746,0.198025,0.197453222989619,0.198993339538574,0.000571777010381108,0.000968339538574309
-1.39486713819387,0.197136,0.196549468204023,0.198102325439453,0.000586531795976869,0.000966325439453047
-1.39172554554028,0.196249,0.195650189015406,0.197217338562012,0.000598810984594411,0.00096833856201195
-1.38858395288669,0.195364,0.194755429857131,0.196332351684571,0.000608570142868969,0.000968351684570656
-1.3854423602331,0.194481,0.193865224617276,0.19544736480713,0.000615775382723588,0.000966364807129499
-1.38230076757951,0.1936,0.192979596526262,0.194564819335938,0.000620403473738207,0.000964819335938172
-1.37915917492592,0.192721,0.192098558088704,0.193687629699708,0.000622441911296318,0.000966629699707594
-1.37601758227233,0.191844,0.191222111059653,0.192810440063477,0.000621888940347232,0.000966440063477014
-1.37287598961874,0.190969,0.190350246465203,0.191933250427247,0.000618753534796984,0.000964250427246544
-1.36973439696515,0.190096,0.18948294466727,0.191059173583985,0.000613055332729567,0.000963173583984872
-1.36659280431156,0.189225,0.188620175472162,0.190189781188965,0.00060482452783811,0.000964781188965452
-1.36345121165797,0.188356,0.187761898282378,0.189320388793946,0.000594101717621975,0.000964388793946142
-1.36030961900438,0.187489,0.18690806229091,0.188450996398927,0.000580937709090013,0.000961996398926829
-1.35716802635079,0.186624,0.18605860671713,0.187585388183595,0.000565393282870391,0.00096138818359473
-1.3540264336972,0.185761,0.18521346108319,0.186723793029786,0.000547538916809975,0.000962793029785913
-1.35088484104361,0.1849,0.184372545529703,0.185862197875977,0.000527454470297367,0.000962197875977039
-1.34774324839002,0.184041,0.183535771169291,0.185000602722168,0.000505228830709081,0.00095960272216819
-1.34460165573643,0.183184,0.182703040476469,0.184143463134766,0.000480959523530999,0.000959463134765914
-1.34146006308284,0.182329,0.181874247712154,0.183289665222168,0.000454752287845667,0.000960665222168394
-1.33831847042925,0.181476,0.181049279380978,0.182435867309571,0.000426720619021825,0.000959867309571066
-1.33517687777566,0.180625,0.180228014719432,0.181582069396974,0.000396985280568335,0.000957069396973625
-1.33203528512207,0.179776,0.179410326212764,0.180733398437501,0.000365673787235982,0.000957398437500978
-1.32889369246848,0.178929,0.178596080138431,0.179887397766114,0.000332919861569331,0.000958397766114061
-1.32575209981489,0.178084,0.177785137133796,0.179041397094727,0.000298862866203758,0.000957397094727142
-1.3226105071613,0.177241,0.17697735278569,0.17819539642334,0.000263647214309964,0.000954396423340304
-1.31946891450771,0.1764,0.176172578239341,0.177355194091797,0.000227421760659291,0.000955194091797396
-1.31632732185412,0.175561,0.175370660824132,0.176516990661622,0.000190339175867665,0.000955990661621886
-1.31318572920053,0.174724,0.174571444693568,0.175678787231446,0.000152555306432295,0.000954787231446264
-1.31004413654694,0.173889,0.173774771476774,0.174840583801271,0.000114228523226345,0.00095158380127075
-1.30690254389335,0.173056,0.172980480938834,0.174008850097657,7.55190611664014e-05,0.000952850097657248
-1.30376095123976,0.172225,0.172188411647214,0.173178443908692,3.65883527855271e-05,0.000953443908692092
-1.30061935858617,0.171396,0.171398401641527,0.172348037719727,2.40164152673361e-06,0.000952037719726989
-1.29747776593258,0.170569,0.170610289103856,0.171517631530762,4.1289103855896e-05,0.00094863153076194
-1.29433617327899,0.169744,0.169823913026903,0.170694366455079,7.99130269034665e-05,0.000950366455078566
-1.29119458062541,0.168921,0.169039113877194,0.169871757507325,0.000118113877194265,0.000950757507324818
-1.28805298797181,0.1681,0.168255734250631,0.169049148559571,0.000155734250630979,0.000949148559571178
-1.28491139531823,0.167281,0.167473619517718,0.168226554870607,0.000192619517718068,0.000945554870606574
-1.28176980266464,0.166464,0.16669261845582,0.167411743164063,0.000228618455819896,0.000947743164063375
-1.27862821001105,0.165649,0.165912583865887,0.16659693145752,0.000263583865887013,0.000947931457520312
-1.27548661735746,0.164836,0.165133373171142,0.165782119750977,0.00029737317114209,0.000946119750977137
-1.27234502470387,0.164025,0.164354848995309,0.164967994689942,0.000329848995308746,0.000942994689941856
-1.26920343205028,0.163216,0.163576879718047,0.16416098022461,0.000360879718047463,0.000944980224610037
-1.26606183939669,0.162409,0.162799340005367,0.163353965759278,0.000390340005367418,0.000944965759278132
-1.2629202467431,0.161604,0.162022111312886,0.162546951293946,0.000418111312886132,0.000942951293946392
-1.25977865408951,0.160801,0.161245082359931,0.161741294860841,0.000444082359930903,0.000940294860841073
-1.25663706143592,0.16,0.160468149572595,0.16094207763672,0.000468149572594834,0.000942077636719663
-1.25349546878233,0.159201,0.159691217493996,0.160142860412598,0.00049021749399622,0.00094186041259825
-1.25035387612874,0.158404,0.158914199160127,0.159343643188477,0.000510199160126706,0.000939643188476863
-1.24721228347515,0.157609,0.158137016439818,0.158546455383301,0.000528016439818091,0.00093745538330095
-1.24407069082156,0.156816,0.157359600337513,0.157755035400391,0.000543600337512662,0.000939035400391031
-1.24092909816797,0.156025,0.15658189125767,0.156963615417481,0.000556891257670333,0.000938615417481248
-1.23778750551438,0.155236,0.155803839229814,0.156172195434571,0.000567839229813821,0.000936195434571296
-1.23464591286079,0.154449,0.155025404093372,0.155383476257325,0.000576404093371896,0.000934476257325345
-1.2315043202072,0.153664,0.15424655564165,0.154599853515626,0.000582555641650245,0.000935853515625917
-1.22836272755361,0.152881,0.153467273724428,0.153816230773926,0.000586273724427794,0.00093523077392646
-1.22522113490002,0.1521,0.152687548308848,0.153032608032227,0.000587548308848052,0.000932608032227084
-1.22207954224643,0.151321,0.151907379498448,0.152252357482911,0.000586379498447531,0.00093135748291065
-1.21893794959284,0.150544,0.151126777510335,0.151476531982423,0.000582777510334559,0.000932531982422657
-1.21579635693925,0.149769,0.150345762610704,0.150700706481935,0.00057676261070419,0.000931706481934552
-1.21265476428566,0.148996,0.149564365009047,0.149924880981447,0.000568365009047389,0.000928880981446584
-1.20951317163207,0.148225,0.148782624711578,0.14915309906006,0.000557624711578469,0.000928099060059806
-1.20637157897848,0.147456,0.148000591334574,0.148385070800782,0.000544591334573796,0.000929070800782111
-1.20322998632489,0.146689,0.147218323878478,0.147617042541505,0.00052932387847765,0.000928042541504498
-1.2000883936713,0.145924,0.146435890463789,0.146849014282227,0.000511890463789272,0.000925014282226799
-1.19694680101771,0.145161,0.145653368029902,0.14608570098877,0.000492368029901852,0.000924700988769872
-1.19380520836412,0.1444,0.144870841998212,0.145325469970704,0.000470841998212013,0.000925469970703696
-1.19066361571053,0.143641,0.144088405900964,0.144565238952638,0.00044740590096401,0.000924238952637546
-1.18752202305694,0.142884,0.143306160977431,0.143805007934571,0.000422160977430502,0.000921007934571422
-1.18438043040335,0.142129,0.142524215739161,0.143050163269044,0.000395215739161237,0.000921163269044095
-1.18123883774976,0.141376,0.141742685506156,0.142297729492188,0.000366685506155734,0.000921729492188494
-1.17809724509617,0.140625,0.140961691915932,0.141545295715333,0.000336691915931608,0.000920295715332892
-1.17495565244258,0.139876,0.140181362407567,0.140792861938477,0.000305362407566956,0.000916861938477315
-1.17181405978899,0.139129,0.139401829682894,0.14004648590088,0.000272829682893994,0.000917485900879866
-1.1686724671354,0.138384,0.138623231147111,0.139301849365236,0.000239231147110525,0.000917849365235479
-1.16553087448181,0.137641,0.137845708331156,0.138557212829591,0.000204708331156295,0.000916212829591312
-1.16238928182822,0.1369,0.137069406298269,0.137812576293947,0.000169406298269004,0.000912576293947004
-1.15924768917463,0.136161,0.1362944730372,0.137074668884279,0.000133473037200432,0.000913668884278684
-1.15610609652104,0.135424,0.135521058844614,0.136337829589845,9.70588446142784e-05,0.000913829589844928
-1.15296450386745,0.134689,0.134749315699235,0.135600990295411,6.03156992347864e-05,0.000911990295410919
-1.14982291121386,0.133956,0.133979396630341,0.134864151000977,2.33966303406774e-05,0.000908151000977075
-1.14668131856027,0.133225,0.133211455083214,0.134134712219239,1.3544916786179e-05,0.000909712219239023
-1.14353972590668,0.132496,0.132445644284166,0.133405670166017,5.03557158338941e-05,0.000909670166016702
-1.1403981332531,0.131769,0.131682116607758,0.132676628112794,8.68833922424428e-05,0.000907628112794268
-1.1372565405995,0.131044,0.130921022948809,0.131947860717775,0.000122977051191075,0.000903860717775012
-1.13411494794592,0.130321,0.130162512101785,0.131226615905763,0.000158487898214543,0.000905615905763102
-1.13097335529233,0.1296,0.129406730150093,0.130505371093751,0.000193269849906891,0.000905371093751189
-1.12783176263874,0.128881,0.128653819867782,0.129784126281739,0.000227180132217841,0.000903126281739275
-1.12469016998515,0.128164,0.1279039201361,0.129063827514649,0.00026007986390017,0.000899827514649204
-1.12154857733156,0.127449,0.127157165377263,0.128350379943849,0.000291834622737464,0.000901379943848701
-1.11840698467797,0.126736,0.126413685007749,0.127636932373048,0.000322314992250938,0.000900932373048224
-1.11526539202438,0.126025,0.125673602913326,0.126923484802248,0.000351397086674032,0.000898484802247745
-1.11212379937079,0.125316,0.124937036947926,0.126211654663088,0.000378963052074438,0.000895654663087719
-1.1089822067172,0.124609,0.124204098458395,0.125506004333498,0.000404901541604566,0.000897004333497542
-1.10584061406361,0.123904,0.123474891837024,0.124800354003907,0.000429108162976477,0.000896354003907363
-1.10269902141002,0.123201,0.122749514103631,0.124094703674317,0.000451485896368523,0.000893703674317167
-1.09955742875643,0.1225,0.122028054518898,0.123391342163086,0.000471945481102479,0.00089134216308645
-1.09641583610284,0.121801,0.121310594230444,0.122693489074708,0.000490405769555571,0.000892489074707847
-1.09327424344925,0.121104,0.120597205953084,0.121995635986329,0.000506794046915726,0.000891635986329242
-1.09013265079566,0.120409,0.119887953684474,0.121297782897951,0.000521046315525894,0.000888782897950718
-1.08699105814207,0.119716,0.119182892457286,0.12060289001465,0.00053310754271424,0.000886890014649977
-1.08384946548848,0.119025,0.11848206812884,0.119912834167482,0.000542931871160307,0.000887834167481741
-1.08070787283489,0.118336,0.117785517209001,0.119222778320314,0.000550482790998938,0.000886778320313544
-1.0775662801813,0.117649,0.117093266726972,0.118532722473145,0.000555733273027645,0.000883722473145415
-1.07442468752771,0.116964,0.116405334137459,0.117846298217774,0.000558665862540456,0.000882298217774427
-1.07128309487412,0.116281,0.115721727266524,0.117164039611818,0.000559272733476307,0.000883039611817599
-1.06814150222053,0.1156,0.115042444297267,0.116481781005861,0.000557555702732873,0.000881781005860879
-1.06499990956694,0.114921,0.114367473795339,0.115799522399904,0.000553526204661092,0.000878522399904144
-1.06185831691335,0.114244,0.113696794774081,0.115121566772463,0.000547205225919306,0.000877566772462604
-1.05871672425976,0.113569,0.113030376798971,0.114447105407716,0.000538623201029154,0.000878105407716087
-1.05557513160617,0.112896,0.112368180130864,0.11377264404297,0.000527819869135471,0.000876644042969721
-1.05243353895258,0.112225,0.111710155907367,0.113098182678223,0.000514844092632624,0.000873182678223242
-1.04929194629899,0.111556,0.111056246361528,0.112428695678712,0.000499753638472475,0.000872695678711524
-1.0461503536454,0.110889,0.110406385076875,0.111762031555177,0.000482614923125499,0.000873031555176679
-1.04300876099181,0.110224,0.10976049727769,0.111095367431642,0.000463502722310272,0.000871367431641984
-1.03986716833822,0.109561,0.109118500153248,0.110428703308107,0.000442499846751709,0.000867703308107121
-1.03672557568463,0.1089,0.108480303214635,0.109767684936525,0.000419696785365173,0.000867684936525087
-1.03358398303104,0.108241,0.107845808682604,0.109108818054201,0.00039519131739571,0.000867818054200498
-1.03044239037745,0.107584,0.107214911904835,0.108449951171876,0.000369088095165407,0.0008659511718761
-1.02730079772386,0.106929,0.106587501800798,0.107791084289552,0.000341498199201706,0.000862084289551521
-1.02415920507027,0.106276,0.105963461332372,0.107138534545899,0.000312538667627635,0.000862534545899352
-1.02101761241668,0.105625,0.1053426679982,0.106487464904787,0.000282332001799918,0.000862464904786531
-1.01787601976309,0.104976,0.104724994349727,0.105836395263674,0.000251005650273306,0.000860395263673625
-1.0147344271095,0.104329,0.104110308526744,0.105185325622561,0.000218691473256011,0.000856325622560689
-1.01159283445591,0.103684,0.103498474810203,0.104541244506838,0.000185525189796948,0.000857244506837634
-1.00845124180232,0.103041,0.102889354189986,0.103897972106935,0.000151645810013534,0.000856972106934889
-1.00530964914873,0.1024,0.102282804945275,0.103254699707032,0.000117195054725086,0.000854699707032114
-1.00216805649514,0.101761,0.101678683235094,0.102611427307129,8.23167649059847e-05,0.000850427307129253
-0.999026463841554,0.101124,0.101076843696591,0.101975814819337,4.71563034090267e-05,0.000851814819336758
-0.995884871187964,0.100489,0.100477140048561,0.101340339660646,1.18599514386253e-05,0.000851339660645767
-0.992743278534375,0.099856,0.0998794256977309,0.100704864501955,2.34256977308805e-05,0.000848864501954746
-0.989601685880785,0.099225,0.0992835543452878,0.100069923400881,5.85543452877729e-05,0.000844923400880826
-0.986460093227195,0.098596,0.098689380591167,0.0994422454834002,9.33805911669666e-05,0.000846245483400176
-0.983318500573605,0.097969,0.0980967605335983,0.0988145675659195,0.000127760533598267,0.000845567565919511
-0.980176907920015,0.097344,0.0975055523614571,0.0981868896484389,0.000161552361457165,0.000842889648438941
-0.977035315266426,0.096721,0.0969156169369875,0.0975604171752943,0.000194616936987441,0.000839417175294288
-0.973893722612836,0.0961,0.0963268183665111,0.096940536499025,0.000226818366511145,0.000840536499025074
-0.970752129959246,0.095481,0.0957390245567946,0.0963206558227558,0.00025802455679462,0.000839655822755775
-0.967610537305656,0.094864,0.0951521077547991,0.0957007751464866,0.000288107754799108,0.000836775146486543
-0.964468944652067,0.0942490000000001,0.0945659450686221,0.0950827713012718,0.000316945068621996,0.000833771301271741
-0.961327351998476,0.0936359999999999,0.0939804189675094,0.0944706878662128,0.000344418967509474,0.000834687866212894
-0.958185759344887,0.093025,0.0933954177589172,0.0938586044311538,0.000370417758917205,0.000833604431153781
-0.955044166691297,0.092416,0.0928108360406884,0.0932465209960948,0.000394836040688434,0.000830520996094763
-0.951902574037707,0.091809,0.0922265751265267,0.0926369857788094,0.000417575126526765,0.000827985778809451
-0.948760981384118,0.091204,0.0916425434430542,0.0920326995849622,0.00043854344305419,0.00082869958496215
-0.945619388730528,0.0906010000000001,0.091058656896863,0.091428413391115,0.000457656896862974,0.000827413391114903
-0.942477796076938,0.09,0.0904748392100975,0.0908241271972677,0.000474839210097486,0.000824127197267696
-0.939336203423348,0.089401,0.0898910222232329,0.0902230606079124,0.000490022223232994,0.000822060607912428
-0.936194610769758,0.088804,0.089307146163856,0.0896265716552753,0.000503146163855966,0.000822571655275356
-0.933053018116169,0.088209,0.088723159880393,0.0890300827026383,0.000514159880393023,0.000821082702638268
-0.929911425462579,0.0876160000000001,0.0881390210398793,0.0884335937500013,0.00052302103987921,0.000817593750001247
-0.926769832808989,0.087025,0.0875546962890091,0.0878409957885756,0.000529696289009063,0.000815995788575538
-0.923628240155399,0.086436,0.0869701613778636,0.0872523040771502,0.000534161377863621,0.000816304077150234
-0.920486647501809,0.085849,0.086385401245862,0.0866636123657248,0.000536401245861948,0.000814612365724776
-0.917345054848219,0.085264,0.0858004100696421,0.0860749206542994,0.00053641006964214,0.000810920654299482
-0.91420346219463,0.084681,0.0852151912727341,0.0854907913208032,0.000534191272734102,0.000809791320803208
-0.91106186954104,0.0841,0.0846297574970428,0.0849098968505879,0.000529757497042718,0.000809896850587827
-0.907920276887451,0.0835210000000001,0.0840441305363193,0.0843290023803726,0.000523130536319208,0.000808002380372513
-0.90477868423386,0.0829439999999999,0.0834583412319521,0.0837481079101572,0.000514341231952126,0.000804107910157309
-0.90163709158027,0.082369,0.0828724293315662,0.083172447204591,0.000503429331566246,0.000803447204590982
-0.898495498926681,0.081796,0.0822864433110694,0.0825993499755874,0.000490443311069386,0.00080334997558737
-0.895353906273091,0.081225,0.0817004401609349,0.0820262527465838,0.000475440160934898,0.000801252746583839
-0.892212313619501,0.080656,0.0811144851376567,0.0814531555175803,0.000458485137656714,0.000797155517580292
-0.889070720965912,0.080089,0.0805286514814535,0.0808859634399434,0.000439651481453446,0.000796963439943413
-0.885929128312322,0.079524,0.0799430201014359,0.0803206634521503,0.000419020101435963,0.000796663452150292
-0.882787535658732,0.0789609999999999,0.0793576792295853,0.079755363464357,0.00039667922958532,0.000794363464357101
-0.879645943005142,0.0784,0.0787727240450133,0.0791900634765639,0.000372724045013317,0.000790063476563893
-0.876504350351552,0.077841,0.0781882562701008,0.0786313400268571,0.000347256270100738,0.000790340026857073
-0.873362757697963,0.077284,0.0776043837402177,0.0780738372802754,0.000320383740217658,0.000789837280275374
-0.870221165044373,0.076729,0.0770212199488399,0.0775163345336938,0.000292219948839934,0.000787334533693784
-0.867079572390783,0.076176,0.0764388835699732,0.0769588317871121,0.000262883569973268,0.000782831787112151
-0.863937979737193,0.075625,0.0758574979598867,0.0764085769653343,0.000232497959886696,0.000783576965334348
-0.860796387083603,0.0750759999999999,0.0752771906402392,0.0758588714599627,0.000201190640239268,0.000782871459962795
-0.857654794430013,0.074529,0.0746980927647601,0.0753091659545911,0.000169092764760098,0.000780165954591142
-0.854513201776424,0.073984,0.074120338571701,0.0747595825195321,0.00013633857170095,0.000775582519532053
-0.851371609122834,0.0734410000000001,0.0735440648243428,0.0742176742553723,0.000103064824342719,0.000776674255372228
-0.848230016469244,0.0728999999999999,0.0729694102418773,0.0736757659912126,6.94102418773573e-05,0.000775765991212624
-0.845088423815654,0.072361,0.0723965149230265,0.0731338577270528,3.55149230265306e-05,0.000772857727052795
-0.841946831162065,0.071824,0.0718255197647832,0.0725927429199242,1.51976478315885e-06,0.000768742919924209
-0.838805238508475,0.071289,0.0712565658786801,0.0720586318969747,3.24341213199797e-05,0.000769631896974612
-0.835663645854885,0.070756,0.0706897940069953,0.0715245208740251,6.62059930046921e-05,0.000768520874025111
-0.832522053201295,0.070225,0.070125343941302,0.0709904098510756,9.96560586980499e-05,0.00076540985107558
-0.829380460547705,0.069696,0.0695633539457551,0.0704577636718762,0.000132646054244914,0.000761763671876192
-0.826238867894115,0.069169,0.0690039601874901,0.0699314498901384,0.000165039812509871,0.000762449890138406
-0.823097275240526,0.068644,0.0684472961764681,0.0694051361084005,0.000196703823531902,0.000761136108400506
-0.819955682586936,0.068121,0.0678934922170662,0.0688788223266626,0.000227507782933817,0.000757822326662605
-0.816814089933346,0.0676,0.0673426748736592,0.0683546447753933,0.000257325126340843,0.000754644775393248
-0.813672497279756,0.067081,0.0667949664523746,0.0678361282348654,0.000286033547625436,0.000755128234865426
-0.810530904626166,0.066564,0.0662504845011382,0.0673176116943376,0.000313515498861813,0.000753611694337672
-0.807389311972577,0.066049,0.0657093413300452,0.0667990951538098,0.000339658669954765,0.000750095153809791
-0.804247719318987,0.065536,0.0651716435540085,0.0662833862304698,0.000364356445991504,0.000747386230469785
-0.801106126665397,0.065025,0.0646374916595389,0.0657726669311538,0.000387508340461098,0.000747666931153787
-0.797964534011808,0.064516,0.0641069795974131,0.0652619476318377,0.000409020402586932,0.000745947631837732
-0.794822941358218,0.0640090000000001,0.063580194402872,0.0647512283325218,0.000428805597128046,0.000742228332521716
-0.791681348704627,0.0635039999999999,0.0630572158448819,0.0642439880371117,0.000446784155118077,0.000739988037111811
-0.788539756051038,0.063001,0.0625381161058642,0.0637410659790062,0.00046288389413579,0.000740065979006208
-0.785398163397448,0.0625,0.0620229594931757,0.0632381439209005,0.000477040506824337,0.000738143920900533
-0.782256570743859,0.062001,0.0615118021834865,0.0627352218627949,0.000489197816513583,0.000734221862794864
-0.779114978090269,0.061504,0.0610046920010681,0.0622364501953146,0.000499307998931893,0.0007324501953146
-0.775973385436679,0.061009,0.0605016682308609,0.0617413253784204,0.000507331769139113,0.000732325378420384
-0.772831792783089,0.060516,0.0600027614670473,0.0612462005615263,0.000513238532952667,0.000730200561526291
-0.769690200129499,0.060025,0.0595079934977095,0.0607510757446321,0.000517006502290474,0.000726075744632078
-0.766548607475909,0.059536,0.0590173772260012,0.0602607727050811,0.000518622773998778,0.000724772705081159
-0.76340701482232,0.059049,0.0585309166281116,0.0597734451293971,0.000518083371888418,0.000724445129397074
-0.76026542216873,0.058564,0.0580486067481488,0.059286117553713,0.000515393251851272,0.000722117553712945
-0.75712382951514,0.058081,0.0575704337299165,0.0587987899780289,0.000510566270083467,0.000717789978028946
-0.75398223686155,0.0576,0.0570963748854071,0.058316955566408,0.000503625114592808,0.000716955566408009
-0.75084064420796,0.057121,0.0566263987996826,0.0578374252319358,0.000494601200317392,0.000716425231935776
-0.747699051554371,0.056644,0.0561604654716641,0.0573578948974635,0.000483534528335938,0.000713894897463471
-0.744557458900781,0.056169,0.0556985264902077,0.0568783645629912,0.000470473509792291,0.000709364562991234
-0.741415866247191,0.055696,0.0552405252446941,0.0564049987792997,0.000455474755305912,0.000708998779299697
-0.738274273593602,0.055225,0.0547863971692224,0.0559332656860377,0.000438602830777686,0.000708265686037643
-0.735132680940012,0.054756,0.0543360700193591,0.0554615325927757,0.000419929980640867,0.000705532592775705
-0.731991088286422,0.054289,0.053889464180263,0.0549897994995137,0.000399535819736986,0.000700799499513724
-0.728849495632832,0.053824,0.0534464930048741,0.0545249023437523,0.000377506995125919,0.00070090234375228
-0.725707902979242,0.053361,0.0530070631807387,0.0540609664917019,0.000353936819261373,0.000699966491701905
-0.722566310325652,0.0529,0.0525710751239209,0.0535970306396515,0.000328924876079058,0.000697030639651555
-0.719424717672063,0.052441,0.0521384233983455,0.0531330947876012,0.000302576601654538,0.000692094787601183
-0.716283125018473,0.051984,0.0517089971588097,0.0526766662597687,0.000275002841190287,0.00069266625976868
-0.713141532364883,0.051529,0.0512826806158122,0.0522205276489283,0.000246319384187801,0.000691527648928304
-0.709999939711293,0.051076,0.0508593535202529,0.0517643890380879,0.000216646479747062,0.000688389038087961
-0.706858347057703,0.050625,0.0504388916659841,0.0513086318969741,0.000186108334015854,0.000683631896974152
-0.703716754404114,0.050176,0.0500211674081166,0.0508602905273457,0.000154832591883411,0.000684290527345678
-0.700575161750524,0.0497290000000001,0.0496060501949267,0.0504119491577172,0.000122949805073345,0.000682949157717175
-0.697433569096934,0.049284,0.049193407111154,0.0499636077880888,9.05928888459209e-05,0.000679607788088822
-0.694291976443344,0.048841,0.0487831034304358,0.0495163192749055,5.78965695641892e-05,0.000675319274905516
-0.691150383789755,0.0484,0.0483750031745874,0.0490757751464872,2.49968254125987e-05,0.000675775146487187
-0.688008791136165,0.047961,0.0479689696774176,0.048635231018069,7.96967741757693e-06,0.000674231018068974
-0.684867198482575,0.047524,0.0475648661507444,0.0481946868896507,4.08661507443758e-05,0.000670686889650648
-0.681725605828985,0.047089,0.0471625562502768,0.0477558670043966,7.35562502767392e-05,0.000666867004396596
-0.678584013175395,0.046656,0.0467619046390262,0.04732312011719,0.00010590463902619,0.000667120117190001
-0.675442420521805,0.046225,0.0463627775459291,0.0468903732299834,0.000137777545929155,0.000665373229983453
-0.672300827868216,0.045796,0.0459650433173791,0.0464576263427768,0.000169043317379131,0.000661626342776805
-0.669159235214626,0.045369,0.0455685729594033,0.0460272750854527,0.000199572959403239,0.000658275085452666
-0.666017642561036,0.044944,0.0451732406682556,0.0456023254394561,0.000229240668255574,0.000658325439456015
-0.662876049907446,0.044521,0.0447789243472527,0.0451773757934594,0.000257924347252705,0.000656375793459382
-0.659734457253856,0.0441,0.0443855061077329,0.0447524261474628,0.000285506107732945,0.000652426147462797
-0.656592864600267,0.043681,0.0439928727520918,0.0443305435180681,0.000311872752091831,0.000649543518068063
-0.653451271946677,0.043264,0.0436009162369186,0.0439133911132833,0.000336916236918672,0.000649391113283375
-0.650309679293087,0.042849,0.0432095341143473,0.0434962387084987,0.00036053411434727,0.000647238708498678
-0.647168086639498,0.042436,0.042818629949821,0.0430790863037139,0.000382629949821002,0.000643086303713923
-0.644026493985908,0.042025,0.0424281137145765,0.0426656723022492,0.000403113714576506,0.000640672302249158
-0.640884901332317,0.041616,0.0420379021512515,0.0422563171386746,0.000421902151251506,0.000640317138674663
-0.637743308678728,0.041209,0.041647919111138,0.0418469619751001,0.00043891911113797,0.000637961975100111
-0.634601716025138,0.040804,0.0412580958617194,0.0414376068115255,0.00045409586171942,0.000633606811525508
-0.631460123371549,0.040401,0.0408683713632528,0.0410326614379905,0.000467371363252776,0.000631661437990427
-0.628318530717959,0.04,0.0404786925132885,0.0406311035156277,0.000478692513288505,0.000631103515627666
-0.625176938064369,0.039601,0.0400890143581508,0.0402295455932648,0.000488014358150754,0.000628545593264813
-0.622035345410779,0.039204,0.0396993002705407,0.039827987670902,0.000495300270540719,0.000623987670902049
-0.618893752757189,0.038809,0.039309522092564,0.0394315109252963,0.000500522092564078,0.000622510925296388
-0.615752160103599,0.038416,0.0389196602436283,0.0390377502441434,0.000503660243628336,0.000621750244143439
-0.61261056745001,0.038025,0.0385297037927993,0.0386439895629905,0.000504703792799308,0.00061898956299053
-0.60946897479642,0.037636,0.0381396504953547,0.0382502288818376,0.000503650495354634,0.00061422888183757
-0.60632738214283,0.037249,0.0377495067934195,0.037862220764162,0.000500506793419488,0.000613220764162037
-0.60318578948924,0.036864,0.0373592877807163,0.0374762573242211,0.000495287780716301,0.000612257324221092
-0.60004419683565,0.036481,0.0369690171316108,0.0370902938842801,0.000488017131610785,0.000609293884280139
-0.596902604182061,0.0361,0.0365787269947805,0.0367043304443392,0.000478726994780528,0.000604330444339149
-0.593761011528471,0.035721,0.0361884578519811,0.0363247909545929,0.000467457851981067,0.000603790954592946
-0.590619418874881,0.035344,0.0357982583425242,0.0359466247558623,0.000454258342524216,0.000602624755862244
-0.587477826221292,0.034969,0.035408185054227,0.0355684585571316,0.000439185054226951,0.000599458557131533
-0.584336233567701,0.034596,0.0350183022817254,0.0351902923584009,0.000422302281725413,0.000594292358400923
-0.581194640914112,0.034225,0.0346286817531819,0.0348192214965849,0.00040368175318195,0.000594221496584883
-0.578053048260522,0.033856,0.0342394023265429,0.0344488525390658,0.000383402326542853,0.000592852539065776
-0.574911455606932,0.033489,0.0338505496566288,0.0340784835815467,0.000361549656628803,0.000589483581546715
-0.571769862953342,0.033124,0.0334622158344585,0.0337081146240277,0.000338215834458505,0.000584114624027667
-0.568628270299753,0.032761,0.0330744990003203,0.0333455123901404,0.000313499000320294,0.000584512390140346
-0.565486677646163,0.0324,0.0326875029322113,0.0329829406738311,0.000287502932211296,0.000582940673831148
-0.562345084992573,0.032041,0.0323013366113662,0.032620368957522,0.000260336611366166,0.000579368957521954
-0.559203492338983,0.031684,0.0319161137666874,0.0322584381103535,0.000232113766687456,0.000574438110353473
-0.556061899685393,0.031329,0.0315319523999785,0.0319036636352563,0.000202952399978501,0.000574663635256281
-0.552920307031804,0.030976,0.0311489742939528,0.0315488891601592,0.000172974293952733,0.000572889160159146
-0.549778714378214,0.030625,0.0307673045050668,0.031194114685062,0.00014230450506679,0.00056911468506201
-0.546637121724624,0.030276,0.0303870708432829,0.0308406524658241,0.000111070843282945,0.000564652465824149
-0.543495529071034,0.029929,0.0300084033409175,0.0304936752319371,7.94033409175256e-05,0.000564675231937064
-0.540353936417445,0.029584,0.02963143371278,0.03014669799805,4.74337127800116e-05,0.00056269799804998
-0.537212343763855,0.029241,0.0292562948098336,0.029799720764163,1.5294809833595e-05,0.000558720764162988
-0.534070751110265,0.0289,0.0288831200686407,0.0294547271728542,1.68799313592961e-05,0.000554727172854225
-0.530929158456675,0.028561,0.0285120429588673,0.0291155471801789,4.89570411327002e-05,0.000554547180178878
-0.527787565803085,0.028224,0.0281431964311262,0.0287763671875036,8.08035688737718e-05,0.000552367187503601
-0.524645973149495,0.027889,0.0277767123674401,0.0284371871948282,0.000112287632559833,0.000548187194828256
-0.521504380495906,0.027556,0.0274127210365873,0.0281006622314494,0.000143278963412655,0.00054466223144941
-0.518362787842316,0.027225,0.0270513505565736,0.027769279479984,0.000173649443426453,0.000544279479983967
-0.515221195188726,0.026896,0.0266927263664432,0.0274378967285186,0.000203273633556759,0.0005418967285186
-0.512079602535136,0.026569,0.026336970709601,0.0271065139770532,0.000232029290399043,0.00053751397705315
-0.508938009881546,0.026244,0.0259842021307645,0.0267784576416038,0.000259797869235454,0.000534457641603859
-0.505796417227957,0.025921,0.0256345349886164,0.0264548721313504,0.000286465011383564,0.000533872131350404
-0.502654824574367,0.0256,0.0252880789861488,0.026131286621097,0.00031192101385118,0.000531286621096989
-0.499513231920777,0.025281,0.0249449387206284,0.0258077011108436,0.000336061279371639,0.000526701110843564
-0.496371639267188,0.024964,0.0246052132550203,0.0254881134033241,0.000358786744979737,0.000524113403324068
-0.493230046613597,0.024649,0.0242689957126226,0.0251723251342808,0.000380004287377406,0.000523325134280814
-0.490088453960007,0.024336,0.0239363728965667,0.0248565368652375,0.000399627103433279,0.000520536865237529
-0.486946861306418,0.024025,0.023607424935732,0.0245407485961942,0.000417575064267955,0.000515748596194236
-0.483805268652828,0.023716,0.0232822249585167,0.0242296295166045,0.000433775041483331,0.000513629516604466
-0.480663675999238,0.023409,0.0229608387957877,0.0239216384887728,0.000448161204212254,0.000512638488772841
-0.477522083345649,0.023104,0.0226433247142149,0.0236136474609412,0.000460675285785112,0.000509647460941207
-0.474380490692059,0.022801,0.0223297331810631,0.0233056564331096,0.000471266818936875,0.00050465643310954
-0.471238898038469,0.0225,0.0220201066613923,0.0230030059814492,0.00047989333860771,0.000503005981449194
-0.468097305384879,0.022201,0.021714479448474,0.0227028121948276,0.000486520551525975,0.000501812194827585
-0.464955712731289,0.021904,0.0214128775281022,0.0224026184082059,0.000491122471897792,0.000498618408205934
-0.4618141200777,0.021609,0.0211153184773303,0.0221024246215843,0.000493681522669664,0.000493424621584315
-0.45867252742411,0.021316,0.0208218113980283,0.0218082427978541,0.000494188601971639,0.000492242797854099
-0.45553093477052,0.021025,0.020532356885507,0.0215158462524444,0.000492643114493044,0.000490846252444409
-0.45238934211693,0.020736,0.0202469470323131,0.0212234497070347,0.00048905296768691,0.00048744970703473
-0.44924774946334,0.020449,0.0199655654671553,0.020931053161625,0.000483434532844725,0.000482053161625043
-0.44610615680975,0.020164,0.0196881874287728,0.020645339965824,0.000475812571227138,0.000481339965824043
-0.442964564156161,0.019881,0.0194147798744184,0.0203607406616245,0.000466220125581614,0.000479740661624456
-0.439822971502571,0.0196,0.0191453016224803,0.0200761413574249,0.000454698377519679,0.000476141357424895
-0.436681378848982,0.019321,0.0188797035286357,0.0197915420532253,0.00044129647136432,0.000470542053225307
-0.433539786195391,0.019044,0.0186179286947779,0.0195142974853547,0.000426071305222035,0.000470297485354699
-0.430398193541802,0.018769,0.0183599127098388,0.0192374954223668,0.000409087290161189,0.000468495422366842
-0.427256600888212,0.018496,0.0181055839214851,0.018960693359379,0.000390416078514949,0.000464693359378987
-0.424115008234622,0.018225,0.0178548637375496,0.0186841201782271,0.000370136262450412,0.0004591201782271
-0.420973415581032,0.017956,0.0176076669559314,0.0184151153564491,0.000348333044068609,0.000459115356449116
-0.417831822927443,0.017689,0.0173639021215837,0.0181461105346712,0.000325097878416326,0.000457110534671165
-0.414690230273853,0.017424,0.0171234719090988,0.0178771057128932,0.000300528090901187,0.000453105712893219
-0.411548637620263,0.017161,0.016886273529294,0.0176090011596701,0.000274726470705935,0.000448001159670124
-0.408407044966673,0.0169,0.0166521991581036,0.0173477935791042,0.000247800841896351,0.000447793579104214
-0.405265452313083,0.016641,0.0164211363859929,0.0170865859985383,0.000219863614007127,0.000445585998538299
-0.402123859659494,0.016384,0.0161929686860259,0.0168253784179724,0.000191031313974153,0.000441378417972423
-0.398982267005904,0.016129,0.0159675758986433,0.0165657424926798,0.000161424101356715,0.000436742492679835
-0.395840674352314,0.015876,0.0157448347311382,0.0163123321533242,0.000131165268861796,0.000436332153324174
-0.392699081698724,0.015625,0.0155246192697592,0.0160589218139685,0.000100380730240776,0.000433921813968452
-0.389557489045134,0.015376,0.0153068015023205,0.0158055114746127,6.91984976794579e-05,0.000429511474612763
-0.386415896391544,0.015129,0.0150912518491533,0.0155543441772494,3.77481508467004e-05,0.000425344177249449
-0.383274303737955,0.014884,0.014877839700204,0.0153087310791053,6.16029979603507e-06,0.000424731079105329
-0.380132711084365,0.014641,0.0146664339560573,0.0150631179809613,2.54339560572994e-05,0.000422117980961239
-0.376991118430775,0.0144,0.0144569035706502,0.0148175048828172,5.69035706502533e-05,0.000417504882817188
-0.373849525777185,0.014161,0.0142491180934348,0.0145748062133836,8.81180934348448e-05,0.000413806213383629
-0.370707933123596,0.013924,0.0140429482087525,0.0143369903564495,0.000118948208752528,0.000412990356449452
-0.367566340470006,0.013689,0.0138382662701969,0.0140991744995153,0.000149266270196844,0.000410174499515251
-0.364424747816416,0.013456,0.0136349468277604,0.0138613586425811,0.000178946827760401,0.000405358642581111
-0.361283155162826,0.013225,0.0134328671455959,0.0136271286010771,0.000207867145595838,0.000402128601077099
-0.358141562509236,0.012996,0.0132319077082587,0.013397109985355,0.000235907708258693,0.000401109985354985
-0.354999969855646,0.012769,0.0130319527133498,0.0131670913696328,0.000262952713349801,0.000398091369632847
-0.351858377202057,0.012544,0.0128328905485312,0.0129370727539107,0.000288890548531163,0.000393072753910676
-0.348716784548467,0.012321,0.0126346142509562,0.0127113113403365,0.000313614250956202,0.000390311340336491
-0.345575191894878,0.0121,0.0124370219472275,0.0124890899658244,0.000337021947227479,0.000389089965824378
-0.342433599241287,0.011881,0.0122400172720764,0.0122668685913123,0.000359017272076413,0.000385868591312321
-0.339292006587697,0.011664,0.0120435097640505,0.0120446472168002,0.000379509764050557,0.000380647216800242
-0.336150413934108,0.011449,0.0118474152365852,0.0118273544311559,0.000398415236585169,0.000378354431155872
-0.333008821280518,0.011236,0.0116516561229436,0.0116129302978556,0.000415656122943593,0.000376930297855602
-0.329867228626928,0.011025,0.0114561617936146,0.0113985061645553,0.000431161793614616,0.000373506164555341
-0.326725635973339,0.010816,0.0112608688448728,0.0111840820312551,0.000444868844872799,0.000368082031255068
-0.323584043319749,0.010609,0.0110657213573255,0.0109752578735399,0.000456721357325444,0.0003662578735399
-0.320442450666159,0.010404,0.0108706711233949,0.0107686309814495,0.000466671123394973,0.000364630981449491
-0.317300858012569,0.010201,0.0106756778428133,0.010562004089359,0.000474677842813293,0.000361004089358997
-0.314159265358979,0.01,0.0104807092853387,0.0103553771972685,0.000480709285338736,0.000355377197268509
-0.31101767270539,0.00980100000000001,0.0102857414200393,0.0101550216674836,0.000484741420039318,0.00035402166748363
-0.3078760800518,0.009604,0.0100907585106265,0.00995619201660522,0.00048675851062651,0.000352192016605227
-0.30473448739821,0.00940900000000001,0.00989575317646286,0.00975736236572683,0.000486753176462849,0.000348362365726817
-0.30159289474462,0.00921599999999999,0.00970072641900752,0.00955853271484841,0.00048472641900753,0.000342532714848414
-0.29845130209103,0.00902500000000001,0.00950568761360874,0.00936664581299269,0.000480687613608737,0.000341645812992689
-0.29530970943744,0.00883599999999999,0.00931065446669332,0.00917561340332441,0.000474654466693333,0.000339613403324421
-0.292168116783851,0.008649,0.00911565293854624,0.00898458099365611,0.000466652938546233,0.000335580993656106
-0.289026524130261,0.00846400000000001,0.00892071713201524,0.00879354858398783,0.000456717132015227,0.000329548583987812
-0.285884931476671,0.008281,0.00872588914761672,0.00861013031006246,0.000444889147616723,0.000329130310062457
-0.282743338823081,0.00809999999999998,0.00853121890565528,0.00842689514160588,0.000431218905655293,0.000326895141605893
-0.279601746169492,0.007921,0.00833676393610703,0.00824365997314928,0.000415763936107039,0.000322659973149281
-0.276460153515902,0.00774400000000001,0.0081425891371487,0.00806091308594261,0.000398589137148689,0.000316913085942603
-0.273318560862312,0.00756899999999999,0.00794876650334257,0.0078854751586959,0.00037976650334258,0.000316475158695911
-0.270176968208722,0.007396,0.00775537482461382,0.00771003723144918,0.000359374824613813,0.000314037231449173
-0.267035375555133,0.00722500000000001,0.00756249935727414,0.00753459930420247,0.000337499357274128,0.000309599304202456
-0.263893782901543,0.007056,0.0073702314684634,0.00736032104492467,0.000314231468463395,0.000304321044924669
-0.260752190247953,0.00688899999999999,0.00717866825548687,0.00719268035889006,0.000289668255486881,0.000303680358890072
-0.257610597594363,0.006724,0.00698791214163115,0.00702503967285547,0.000263912141631148,0.000301039672855469
-0.254469004940773,0.00656100000000001,0.00679807045013616,0.00685739898682086,0.00023707045013615,0.000296398986820848
-0.251327412287183,0.0064,0.00660925495809144,0.00669158935547354,0.000209254958091442,0.000291589355473542
-0.248185819633594,0.00624100000000001,0.00642158143210624,0.0065317459106489,0.000180581432106237,0.000290745910648894
-0.245044226980004,0.00608399999999999,0.00623516914767715,0.00637190246582428,0.000151169147677154,0.000287902465824286
-0.241902634326414,0.005929,0.00605014039424446,0.00621205902099964,0.000121140394244454,0.00028305902099964
-0.238761041672824,0.00577599999999999,0.00586661996798531,0.00605471801758155,9.06199679853153e-05,0.000278718017581565
-0.235619449019234,0.005625,0.00568473465444273,0.00590267181396881,5.97346544427271e-05,0.000277671813968809
-0.232477856365645,0.00547600000000001,0.00550461270312923,0.00575062561035605,2.86127031292206e-05,0.000274625610356037
-0.229336263712055,0.00532900000000002,0.00532638329627869,0.0055985794067433,2.61670372133337e-06,0.00026957940674328
-0.226194671058465,0.00518399999999999,0.0051501760139389,0.00544970703125507,3.38239860610823e-05,0.000265707031255081
-0.223053078404875,0.005041,0.00497612029761777,0.00530545806885209,6.48797023822222e-05,0.000264458068852098
-0.219911485751286,0.0049,0.00480434491469378,0.00516120910644913,9.56550853062283e-05,0.00026120910644913
-0.216769893097696,0.00476099999999999,0.00463497742580554,0.00501696014404616,0.000126022574194451,0.000255960144046166
-0.213628300444106,0.004624,0.00446814365741471,0.00487655639648752,0.000155856342585292,0.000252556396487524
-0.210486707790516,0.00448900000000001,0.00430396718171978,0.00474010467529665,0.000185032818280227,0.000251104675296642
-0.207345115136926,0.004356,0.00414256880606424,0.00460365295410579,0.000213431193935759,0.000247652954105793
-0.204203522483336,0.00422499999999999,0.00398406607394433,0.00446720123291492,0.000240933926055663,0.00024220123291493
-0.201061929829747,0.004096,0.003828572779672,0.0043352661132861,0.000267427220327996,0.000239266113286105
-0.197920337176157,0.003969,0.00367619849869195,0.00420661163330541,0.000292801501308054,0.00023761163330541
-0.194778744522567,0.00384400000000001,0.00352704813548785,0.00407795715332473,0.000316951864512159,0.000233957153324714
-0.191637151868977,0.003721,0.00338122149093674,0.00394930267334404,0.000339778509063264,0.000228302673344038
-0.188495559215387,0.00359999999999999,0.00323881285089284,0.00382583618164505,0.000361187149107158,0.000225836181645057
-0.185353966561798,0.003481,0.00309991059769275,0.00370497894287598,0.000381089402307253,0.000223978942875981
-0.182212373908208,0.00336399999999999,0.00296459684617713,0.00358412170410693,0.000399403153822862,0.000220121704106934
-0.179070781254618,0.003249,0.00283294710572703,0.00346326446533786,0.000416052894272964,0.000214264465337858
-0.175929188601029,0.00313600000000001,0.00270502996969968,0.00334826660156795,0.000430970030300329,0.000212266601567943
-0.172787595947439,0.00302500000000001,0.00258090683353955,0.00323520660400868,0.000444093166460466,0.00021020660400867
-0.169646003293848,0.00291599999999999,0.00246063164272005,0.00312214660644943,0.000455368357279936,0.000206146606449441
-0.166504410640259,0.002809,0.00234425067154756,0.00300908660889016,0.000464749328452431,0.000200086608890168
-0.163362817986669,0.002704,0.00223180233373297,0.00290255737305068,0.000472197666267034,0.000198557373050679
-0.16022122533308,0.00260100000000001,0.00212331702550467,0.0027972946167036,0.000477682974495334,0.000196294616703591
-0.15707963267949,0.0025,0.00201881700190061,0.00269203186035651,0.000481182998099391,0.000192031860356505
-0.1539380400259,0.00240100000000001,0.00191831628674387,0.00258676910400942,0.000482683713256141,0.000185769104009417
-0.15079644737231,0.002304,0.00182182061666194,0.00248870849609896,0.000482179383338061,0.000184708496098966
-0.14765485471872,0.00220899999999999,0.00172932741937549,0.00239124298096187,0.000479672580624499,0.000182242980961882
-0.14451326206513,0.002116,0.00164082582633532,0.00229377746582479,0.000475174173664678,0.000177777465824794
-0.141371669411541,0.002025,0.00155629671964832,0.00219638824463302,0.000468703280351683,0.000171388244633017
-0.138230076757951,0.00193600000000001,0.0014757128130909,0.00210671997070776,0.000460287186909111,0.000170719970707747
-0.135088484104361,0.001849,0.00139903876686702,0.00201705169678248,0.000449961233132981,0.000168051696782479
-0.131946891450771,0.00176399999999999,0.00132623133562935,0.00192738342285722,0.000437768664370645,0.000163383422857221
-0.128805298797181,0.001681,0.00125723954914616,0.00183846282959589,0.000423760450853839,0.000157462829595895
-0.125663706143592,0.0016,0.0011920049248598,0.00175659179688044,0.000407995075140202,0.000156591796880433
-0.122522113490002,0.001521,0.00113046171145344,0.00167472076416499,0.000390538288546557,0.000153720764164991
-0.119380520836412,0.001444,0.00107253716241403,0.00159284973144953,0.00037146283758597,0.000148849731449528
-0.116238928182823,0.00136900000000001,0.00101815183845573,0.0015123977661171,0.000350848161544276,0.000143397766117091
-0.113097335529232,0.00129599999999999,0.000967219937549351,0.0014383239746137,0.000328780062450641,0.000142323974613708
-0.109955742875643,0.001225,0.000919649651191627,0.0013642501831103,0.000305350348808369,0.000139250183110305
-0.106814150222053,0.001156,0.000875343545436176,0.00129017639160691,0.000280656454563825,0.000134176391606909
-0.103672557568463,0.001089,0.00083419896511093,0.00121819305420485,0.000254801034889075,0.000129193054204841
-0.100530964914873,0.001024,0.000796108459547055,0.00115191650391154,0.000227891540452944,0.000127916503911541
-0.0973893722612837,0.000961000000000003,0.000760960228059819,0.00108563995361823,0.000200039771940184,0.000124639953618225
-0.0942477796076937,0.000899999999999998,0.000728638583337496,0.00101936340332492,0.000171361416662503,0.000119363403324925
-0.0911061869541037,0.000840999999999994,0.00069902443082342,0.000955848693852219,0.000141975569176573,0.000114848693852226
-0.0879645943005141,0.000783999999999997,0.000671995762108627,0.000897369384770682,0.00011200423789137,0.000113369384770684
-0.0848230016469245,0.000729000000000001,0.00064742816029608,0.000838890075689151,8.15718397039207e-05,0.00010989007568915
-0.0816814089933349,0.000676000000000004,0.000625195315248868,0.000780410766607613,5.08046847511366e-05,0.000104410766607609
-0.0785398163397448,0.000625,0.00060516954659314,0.000725364685064638,1.98304534068599e-05,0.000100364685064638
-0.0753982236861548,0.000575999999999996,0.000587222332314956,0.00067468261719289,1.122233231496e-05,9.86826171928934e-05
-0.0722566310325652,0.000528999999999999,0.000571224840769386,0.000624000549321141,4.22248407693872e-05,9.50005493211419e-05
-0.0691150383789756,0.000484000000000002,0.000557048463903039,0.000573318481449398,7.30484639030374e-05,8.93184814493962e-05
-0.0659734457253855,0.000440999999999999,0.000544565349489421,0.000526741027836074,0.000103565349489423,8.57410278360757e-05
-0.062831853071796,0.000400000000000001,0.000533648930180401,0.000483856201176431,0.000133648930180399,8.38562011764304e-05
-0.0596902604182064,0.000361000000000003,0.000524174447187487,0.000440971374516784,0.000163174447187484,7.99713745167803e-05
-0.0565486677646159,0.000323999999999995,0.00051601946643424,0.000398086547857141,0.000192019466434245,7.40865478571455e-05
-0.0534070751110263,0.000288999999999998,0.000509064385047038,0.000359977722173526,0.00022006438504704,7.09777221735278e-05
-0.0502654824574367,0.000256,0.000503192926095605,0.000324890136723951,0.000247192926095605,6.88901367239507e-05
-0.0471238898038471,0.000225000000000002,0.000498292619540197,0.000289802551274379,0.000273292619540196,6.48025512743778e-05
-0.043982297150257,0.000195999999999999,0.000494255267402779,0.000254714965824804,0.00029825526740278,5.87149658248051e-05
-0.0408407044966674,0.000169000000000001,0.000490977391240575,0.00022507476807115,0.000321977391240573,5.60747680711488e-05
-0.0376991118430774,0.000143999999999999,0.00048836066007794,0.000197784423833378,0.00034436066007794,5.37844238333789e-05
-0.0345575191894878,0.000121,0.000486312297029236,0.000170494079595606,0.000365312297029235,4.94940795956055e-05
-0.0314159265358978,9.99999999999989e-05,0.000484745462936905,0.000143203735357837,0.000384745462936906,4.32037353578382e-05
-0.0282743338823082,8.10000000000001e-05,0.00048357961544062,0.000122032165533226,0.00040257961544062,4.10321655332262e-05
-0.0251327412287186,6.40000000000011e-05,0.000482740841997507,0.000102539062505246,0.000418740841997506,3.85390625052445e-05
-0.0219911485751285,4.89999999999998e-05,0.000482162165478999,8.30459594772626e-05,0.000433162165478999,3.40459594772628e-05
-0.0188495559215385,3.59999999999989e-05,0.000481783821084617,6.35528564492819e-05,0.000445783821084618,2.7552856449283e-05
-0.0157079632679489,2.49999999999997e-05,0.00048155350342919,5.08499145551118e-05,0.00045655350342919,2.58499145551121e-05
-0.0125663706143593,1.60000000000003e-05,0.000481426582786242,3.91540527392156e-05,0.000465426582786242,2.31540527392154e-05
-0.00942477796076924,8.99999999999973e-06,0.000481366289593992,2.74581909233207e-05,0.000472366289593992,1.8458190923321e-05
-0.00628318530717964,4.00000000000007e-06,0.000481343866463754,1.57623291074245e-05,0.000477343866463754,1.17623291074244e-05
-0.00314159265359004,1.00000000000016e-06,0.000481338687064074,1.15280151411644e-05,0.000480338687064074,1.05280151411643e-05
0,0,0.00048133834138973,7.62939453419209e-06,0.00048133834138973,7.62939453419209e-06
0.00314159265359004,1.00000000000016e-06,0.000481338687064087,3.73077392722018e-06,0.000480338687064086,2.73077392722002e-06
0.00628318530717964,4.00000000000007e-06,0.00048134386646378,1.67846679707408e-07,0.00047734386646378,3.83215332029266e-06
0.00942477796076924,8.99999999999973e-06,0.00048136628959404,4.0664672856289e-06,0.00047236628959404,4.93353271437083e-06
0.0125663706143593,1.60000000000003e-05,0.000481426582786303,7.96508789155213e-06,0.000465426582786303,8.03491210844814e-06
0.0157079632679489,2.49999999999997e-05,0.00048155350342925,1.18637084974745e-05,0.00045655350342925,1.31362915025252e-05
0.0188495559215389,3.60000000000006e-05,0.000481783821084685,1.67694091813803e-05,0.000445783821084684,1.92305908186203e-05
0.0219911485751285,4.89999999999998e-05,0.000482162165479088,2.84652709971334e-05,0.000433162165479088,2.05347290028665e-05
0.0251327412287186,6.40000000000011e-05,0.000482740841997617,4.01611328128865e-05,0.000418740841997616,2.38388671871146e-05
0.0282743338823082,8.10000000000001e-05,0.000483579615440742,5.18569946286395e-05,0.000402579615440742,2.91430053713606e-05
0.0314159265358978,9.99999999999989e-05,0.000484745462937038,6.52313232415299e-05,0.000384745462937039,3.47686767584689e-05
0.0345575191894874,0.000120999999999997,0.000486312297029375,8.47244262694256e-05,0.000365312297029378,3.62755737305718e-05
0.0376991118430778,0.000144000000000002,0.000488360660078094,0.000104217529297326,0.000344360660078092,3.97824707026769e-05
0.0408407044966674,0.000169000000000001,0.000490977391240735,0.000123710632325217,0.000321977391240734,4.52893676747842e-05
0.043982297150257,0.000195999999999999,0.00049425526740295,0.000145553588868455,0.000298255267402951,5.04464111315439e-05
0.0471238898038471,0.000225000000000002,0.000498292619540375,0.000172843933106338,0.000273292619540374,5.21560668936639e-05
0.0502654824574367,0.000256,0.000503192926095799,0.000200134277344226,0.000247192926095799,5.58657226557736e-05
0.0534070751110263,0.000288999999999998,0.000509064385047241,0.000227424621582103,0.000220064385047244,6.15753784178952e-05
0.0565486677646163,0.000324,0.000516019466434442,0.000257736206054701,0.000192019466434442,6.62637939452995e-05
0.0596902604182064,0.000361000000000003,0.000524174447187716,0.000292823791504385,0.000163174447187712,6.8176208495618e-05
0.062831853071796,0.000400000000000001,0.000533648930180633,0.000327911376954078,0.000133648930180632,7.20886230459233e-05
0.0659734457253855,0.000440999999999999,0.00054456534948966,0.000362998962403762,0.000103565349489661,7.80010375962363e-05
0.0691150383789751,0.000483999999999996,0.000557048463903257,0.000401779174806061,7.30484639032611e-05,8.2220825193935e-05
0.0722566310325652,0.000528999999999999,0.000571224840769605,0.000444664001465604,4.22248407696062e-05,8.43359985343948e-05
0.0753982236861552,0.000576000000000003,0.000587222332315181,0.000487548828125158,1.12223323151784e-05,8.84511718748454e-05
0.0785398163397448,0.000625,0.000605169546593369,0.000530433654784701,1.98304534066314e-05,9.45663452152988e-05
0.0816814089933349,0.000676000000000004,0.000625195315249096,0.000577682495116757,5.08046847509086e-05,9.83175048832468e-05
0.0848230016469245,0.000729000000000001,0.000647428160296314,0.000628364562988347,8.15718397036873e-05,0.000100635437011654
0.0879645943005141,0.000783999999999997,0.000671995762108868,0.00067904663085996,0.00011200423789113,0.000104953369140038
0.0911061869541037,0.000840999999999994,0.000699024430823668,0.000729728698731561,0.000141975569176326,0.000111271301268433
0.0942477796076941,0.000900000000000007,0.000728638583337708,0.000785446166993222,0.000171361416662298,0.000114553833006785
0.0973893722612837,0.000961000000000003,0.000760960228060053,0.000843925476074866,0.000200039771939951,0.000117074523925137
0.100530964914873,0.001024,0.000796108459547286,0.000902404785156511,0.000227891540452713,0.000121595214843488
0.103672557568463,0.001089,0.00083419896511117,0.000960884094238155,0.000254801034888825,0.00012811590576184
0.106814150222053,0.001156,0.000875343545436412,0.00102507019042986,0.000280656454563589,0.000130929809570137
0.109955742875643,0.001225,0.000919649651191862,0.00109134674072337,0.000305350348808134,0.00013365325927663
0.113097335529233,0.001296,0.000967219937549565,0.00115762329101688,0.000328780062450437,0.000138376708983117
0.116238928182823,0.00136900000000001,0.00101815183845596,0.00122389984131037,0.00035084816154405,0.000145100158689634
0.119380520836412,0.001444,0.00107253716241426,0.00129655456543103,0.000371462837585743,0.000147445434568972
0.122522113490002,0.001521,0.00113046171145365,0.00137062835693427,0.000390538288546349,0.000150371643065733
0.125663706143591,0.00159999999999999,0.00119200492485997,0.00144470214843752,0.000407995075140026,0.000155297851562476
0.128805298797181,0.001681,0.00125723954914636,0.00151877593994074,0.000423760450853641,0.000162224060059264
0.131946891450772,0.00176400000000001,0.00132623133562954,0.00159989929199193,0.000437768664370469,0.00016410070800808
0.135088484104361,0.001849,0.0013990387668672,0.00168177032470727,0.000449961233132801,0.000167229675292726
0.138230076757951,0.001936,0.00147571281309108,0.00176364135742264,0.000460287186908912,0.000172358642577353
0.141371669411541,0.002025,0.00155629671964848,0.00184551239013799,0.000468703280351518,0.000179487609862011
0.14451326206513,0.002116,0.00164082582633548,0.00193510437011805,0.00047517417366452,0.000180895629881945
0.14765485471872,0.00220899999999999,0.00172932741937564,0.00202477264404342,0.000479672580624353,0.000184227355956575
0.15079644737231,0.00230400000000001,0.00182182061666211,0.0021144409179688,0.000482179383337901,0.000189559082031212
0.1539380400259,0.00240100000000001,0.00191831628674398,0.00220470428466767,0.00048268371325603,0.000196295715332335
0.15707963267949,0.0025,0.00201881700190072,0.0023021697998049,0.000481182998099285,0.000197830200195098
0.160221225333079,0.00260099999999999,0.0021233170255047,0.00239963531494209,0.000477682974495291,0.000201364685057905
0.163362817986669,0.002704,0.00223180233373305,0.00249710083007932,0.000472197666266955,0.000206899169920682
0.166504410640259,0.002809,0.00234425067154763,0.00259583282470853,0.000464749328452368,0.000213167175291464
0.169646003293849,0.002916,0.00246063164272009,0.00270109558105557,0.000455368357279911,0.000214904418944438
0.172787595947439,0.003025,0.00258090683353956,0.00280635833740258,0.000444093166460439,0.00021864166259742
0.175929188601029,0.00313600000000001,0.00270502996969971,0.00291162109374959,0.000430970030300298,0.000224378906250417
0.179070781254618,0.003249,0.00283294710572705,0.00301882171630783,0.000416052894272947,0.00023017828369217
0.182212373908208,0.00336399999999999,0.00296459684617712,0.00313188171386698,0.000399403153822874,0.000232118286133012
0.185353966561798,0.003481,0.00309991059769272,0.0032449417114261,0.000381089402307279,0.000236058288573896
0.188495559215388,0.00360000000000001,0.00323881285089284,0.00335800170898526,0.000361187149107167,0.000241998291014754
0.191637151868977,0.003721,0.00338122149093668,0.00347367095947378,0.000339778509063321,0.000247329040526221
0.194778744522567,0.00384399999999999,0.0035270481354878,0.00359452819824309,0.000316951864512199,0.000249471801756904
0.197920337176157,0.003969,0.00367619849869187,0.00371538543701237,0.000292801501308134,0.000253614562987631
0.201061929829747,0.004096,0.00382857277967191,0.00383624267578168,0.000267427220328091,0.000259757324218315
0.204203522483336,0.00422499999999999,0.00398406607394421,0.00396038055419967,0.000240933926055775,0.000264619445800317
0.207345115136926,0.004356,0.00414256880606409,0.00408903503418063,0.000213431193935912,0.00026696496581937
0.210486707790516,0.00448900000000001,0.00430396718171961,0.00421768951416156,0.000185032818280396,0.000271310485838451
0.213628300444106,0.004624,0.00446814365741451,0.00434634399414252,0.000155856342585491,0.000277656005857486
0.216769893097696,0.00476099999999999,0.00463497742580533,0.00447895050049007,0.00012602257419466,0.000282049499509923
0.219911485751286,0.0049,0.00480434491469355,0.00461540222168083,9.56550853064503e-05,0.000284597778319174
0.223053078404875,0.005041,0.00497612029761754,0.00475185394287159,6.48797023824572e-05,0.000289146057128406
0.226194671058465,0.00518400000000001,0.00515017601393872,0.00488830566406238,3.38239860612896e-05,0.000295694335937627
0.229336263712055,0.005329,0.00532638329627839,0.00502938079833977,2.61670372160919e-06,0.000299619201660231
0.232477856365645,0.00547600000000001,0.00550461270312895,0.00517362976074266,2.86127031289439e-05,0.000302370239257352
0.235619449019234,0.005625,0.00568473465444244,0.00531787872314548,5.97346544424391e-05,0.000307121276854515
0.238761041672824,0.00577599999999999,0.00586661996798501,0.00546212768554838,9.06199679850212e-05,0.000313872314451615
0.241902634326414,0.00592899999999998,0.00605014039424412,0.00561167144775532,0.000121140394244138,0.000317328552244664
0.245044226980004,0.00608400000000001,0.00623516914767682,0.00576371765136825,0.000151169147676805,0.000320282348631762
0.248185819633594,0.00624100000000001,0.0064215814321059,0.00591576385498115,0.000180581432105898,0.000325236145018851
0.251327412287183,0.0064,0.00660925495809109,0.00606781005859406,0.000209254958091097,0.000332189941405938
0.254469004940773,0.00656100000000001,0.00679807045013581,0.00622582244873103,0.000237070450135799,0.000335177551268981
0.257610597594363,0.006724,0.00698791214163078,0.00638566589355572,0.000263912141630786,0.000338334106444274
0.260752190247953,0.00688899999999999,0.0071786682554865,0.00654550933838039,0.000289668255486514,0.000343490661619601
0.263893782901543,0.007056,0.00737023146846303,0.00670535278320508,0.000314231468463024,0.000350647216794917
0.267035375555133,0.00722500000000001,0.00756249935727377,0.00687183380127097,0.000337499357273751,0.000353166198729046
0.270176968208722,0.007396,0.00775537482461344,0.00703947448730551,0.000359374824613434,0.000356525512694492
0.273318560862312,0.00756899999999999,0.00794876650334219,0.00720711517334002,0.000379766503342196,0.000361884826659973
0.276460153515902,0.00774400000000001,0.0081425891371483,0.00737475585937456,0.000398589137148297,0.000369244140625442
0.279601746169492,0.007921,0.00833676393610664,0.00754970550537105,0.000415763936106648,0.000371294494628947
0.282743338823082,0.00810000000000001,0.00853121890565491,0.00772514343261768,0.000431218905654901,0.00037485656738233
0.285884931476671,0.008281,0.00872588914761633,0.00790058135986427,0.000444889147616333,0.000380418640135724
0.289026524130261,0.00846400000000001,0.00892071713201486,0.00807620239257964,0.000456717132014844,0.000387797607420377
0.292168116783851,0.008649,0.00911565293854585,0.00825943756103632,0.000466652938545848,0.000389562438963686
0.29530970943744,0.00883599999999999,0.00931065446669293,0.00844267272949299,0.000474654466692943,0.000393327270506996
0.29845130209103,0.00902499999999998,0.00950568761360834,0.00862590789794967,0.000480687613608359,0.000399092102050304
0.30159289474462,0.00921600000000002,0.00970072641900719,0.00880999755859398,0.000484726419007165,0.000406002441406043
0.30473448739821,0.00940900000000001,0.00989575317646249,0.00900102996826236,0.000486753176462476,0.00040797003173765
0.3078760800518,0.009604,0.0100907585106261,0.00919206237793078,0.000486758510626151,0.000411937622069211
0.31101767270539,0.00980100000000001,0.010285741420039,0.00938309478759912,0.000484741420038966,0.000417905212400888
0.314159265358979,0.01,0.0104807092853384,0.00957565307617359,0.000480709285338393,0.000424346923826409
0.317300858012569,0.010201,0.0106756778428129,0.00977448272705185,0.000474677842812956,0.000426517272948141
0.320442450666159,0.010404,0.0108706711233946,0.00997331237793015,0.000466671123394633,0.000430687622069858
0.323584043319749,0.010609,0.0110657213573251,0.0101721420288084,0.000456721357325128,0.000436857971191619
0.326725635973339,0.010816,0.0112608688448725,0.010373168945312,0.000444868844872494,0.000442831054688019
0.329867228626928,0.011025,0.0114561617936143,0.0105797958374024,0.00043116179361433,0.000445204162597634
0.333008821280518,0.011236,0.0116516561229433,0.0107864227294928,0.000415656122943333,0.000449577270507208
0.336150413934108,0.011449,0.0118474152365849,0.0109930496215831,0.000398415236584909,0.000455950378416855
0.339292006587698,0.011664,0.0120435097640503,0.011202545166017,0.000379509764050254,0.000461454833983049
0.342433599241287,0.011881,0.0122400172720762,0.0114169692993173,0.000359017272076191,0.000464030700682714
0.345575191894878,0.0121,0.0124370219472273,0.0116313934326177,0.00033702194722727,0.000468606567382313
0.348716784548467,0.012321,0.012634614250956,0.0118458175659181,0.000313614250956013,0.000475182434081928
0.351858377202057,0.012544,0.012832890548531,0.0120637817382814,0.000288890548530995,0.000480218261718591
0.354999969855646,0.012769,0.0130319527133496,0.0122860031127936,0.000262952713349657,0.000482996887206424
0.358141562509237,0.012996,0.0132319077082586,0.0125082244873058,0.000235907708258589,0.000487775512694223
0.361283155162826,0.013225,0.0134328671455957,0.012730445861818,0.00020786714559573,0.00049455413818201
0.364424747816416,0.013456,0.0136349468277603,0.0129568786621109,0.000178946827760316,0.000499121337889112
0.367566340470006,0.013689,0.0138382662701968,0.0131868972778329,0.000149266270196782,0.00050210272216711
0.370707933123596,0.013924,0.0140429482087525,0.0134169158935549,0.000118948208752467,0.000507084106445139
0.373849525777185,0.014161,0.0142491180934348,0.0136469345092769,8.81180934347928e-05,0.000514065490723133
0.376991118430775,0.0144,0.0144569035706503,0.0138818359374996,5.69035706502723e-05,0.000518164062500394
0.380132711084365,0.014641,0.0146664339560573,0.0141196517944337,2.54339560573011e-05,0.000521348205566338
0.383274303737955,0.014884,0.014877839700204,0.0143574676513678,6.16029979601078e-06,0.000526532348632196
0.386415896391544,0.015129,0.0150912518491534,0.0145952835083018,3.77481508466448e-05,0.00053371649169816
0.389557489045134,0.015376,0.0153068015023206,0.0148386535644542,6.91984976793816e-05,0.000537346435545769
0.392699081698724,0.015625,0.0155246192697593,0.0150842666625985,0.000100380730240665,0.000540733337401487
0.395840674352314,0.015876,0.0157448347311383,0.0153298797607428,0.00013116526886171,0.000546120239257203
0.398982267005904,0.016129,0.0159675758986434,0.0155754928588872,0.000161424101356562,0.000553507141112831
0.402123859659493,0.016384,0.016192968686026,0.0158273315429695,0.000191031313973966,0.000556668457030538
0.405265452313083,0.016641,0.0164211363859931,0.0160807418823254,0.000219863614006926,0.000560258117674593
0.408407044966673,0.0169,0.0166521991581039,0.0163341522216813,0.000247800841896132,0.000565847778318668
0.411548637620263,0.017161,0.0168862735292943,0.0165875625610373,0.000274726470705696,0.000573437438962692
0.414690230273853,0.017424,0.0171234719090991,0.0168478698730485,0.00030052809090093,0.000576130126951544
0.417831822927443,0.017689,0.017363902121584,0.0171090774536143,0.000325097878416038,0.000579922546385767
0.420973415581032,0.017956,0.0176076669559317,0.01737028503418,0.000348333044068304,0.000585714965819984
0.424115008234622,0.018225,0.0178548637375499,0.0176314926147458,0.000370136262450076,0.000593507385254141
0.427256600888212,0.018496,0.0181055839214854,0.0179002685546877,0.000390416078514592,0.000595731445312352
0.430398193541802,0.018769,0.0183599127098392,0.0181692733764655,0.000409087290160801,0.000599726623534493
0.433539786195392,0.019044,0.0186179286947784,0.0184382781982432,0.000426071305221598,0.000605721801756796
0.436681378848981,0.019321,0.0188797035286361,0.0187077255249038,0.000441296471363883,0.000613274475096168
0.439822971502571,0.0196,0.0191453016224808,0.0189845275878918,0.000454698377519255,0.000615472412108256
0.442964564156161,0.019881,0.0194147798744188,0.0192613296508798,0.000466220125581174,0.000619670349120239
0.44610615680975,0.020164,0.0196881874287733,0.0195381317138676,0.000475812571226669,0.000625868286132349
0.44924774946334,0.020449,0.0199655654671557,0.0198160476684573,0.000483434532844253,0.000632952331542692
0.45238934211693,0.020736,0.0202469470323136,0.020100646972657,0.000489052967686449,0.00063535302734305
0.45553093477052,0.021025,0.0205323568855075,0.0203852462768567,0.000492643114492545,0.000639753723143302
0.45867252742411,0.021316,0.0208218113980289,0.0206698455810564,0.000494188601971125,0.000646154418943608
0.4618141200777,0.021609,0.0211153184773309,0.0209562301635761,0.000493681522669133,0.000652769836423903
0.464955712731289,0.021904,0.0214128775281027,0.0212486267089856,0.000491122471897257,0.000655373291014356
0.468097305384879,0.022201,0.0217144794484745,0.0215410232543952,0.000486520551525427,0.000659976745604741
0.471238898038469,0.0225,0.0220201066613928,0.0218334197998048,0.000479893338607169,0.000666580200195239
0.474380490692059,0.022801,0.0223297331810637,0.0221282730102538,0.000471266818936313,0.00067272698974627
0.477522083345649,0.023104,0.0226433247142155,0.0224284667968752,0.000460675285784553,0.00067553320312479
0.480663675999238,0.023409,0.0229608387957883,0.0227286605834968,0.000448161204211695,0.000680339416503178
0.483805268652828,0.023716,0.0232822249585172,0.0230288543701183,0.000433775041482759,0.000687145629881675
0.486946861306418,0.024025,0.0236074249357326,0.0233321762084974,0.000417575064267386,0.000692823791502553
0.490088453960008,0.024336,0.0239363728965673,0.0236401672363291,0.000399627103432706,0.00069583276367088
0.493230046613597,0.024649,0.0242689957126231,0.0239481582641608,0.000380004287376855,0.000700841735839161
0.496371639267188,0.024964,0.0246052132550208,0.0242561492919925,0.000358786744979179,0.000707850708007485
0.499513231920777,0.025281,0.0249449387206289,0.0245679397583012,0.000336061279371087,0.000713060241698763
0.502654824574367,0.0256,0.0252880789861493,0.0248837280273446,0.000311921013850636,0.000716271972655339
0.505796417227956,0.025921,0.025634534988617,0.0251995162963881,0.000286465011382995,0.000721483703611844
0.508938009881547,0.026244,0.0259842021307651,0.0255153045654314,0.000259797869234902,0.000728695434568584
0.512079602535136,0.026569,0.0263369707096015,0.0258355636596696,0.00023202929039853,0.0007334363403304
0.515221195188726,0.026896,0.0266927263664437,0.0261591491699229,0.000203273633556256,0.000736850830077119
0.518362787842316,0.027225,0.0270513505565741,0.0264827346801762,0.000173649443425961,0.000742265319823809
0.521504380495906,0.027556,0.0274127210365879,0.0268063201904294,0.000143278963412076,0.000749679809570601
0.524645973149495,0.027889,0.0277767123674407,0.0271350479125975,0.000112287632559275,0.000753952087402442
0.527787565803085,0.028224,0.0281431964311268,0.0274664306640629,8.08035688732098e-05,0.000757569335937153
0.530929158456675,0.028561,0.0285120429588678,0.0277978134155282,4.89570411321902e-05,0.000763186584471789
0.534070751110265,0.0289,0.0288831200686412,0.0281291961669936,1.68799313587896e-05,0.000770803833006442
0.537212343763855,0.029241,0.029256294809834,0.028466392517091,1.529480983406e-05,0.000774607482908939
0.540353936417444,0.029584,0.0296314337127804,0.0288055725097664,4.74337127804245e-05,0.000778427490233529
0.543495529071034,0.029929,0.0300084033409179,0.0291447525024419,7.94033409179558e-05,0.00078424749755809
0.546637121724624,0.030276,0.0303870708432834,0.0294839324951173,0.000111070843283368,0.000792067504882726
0.549778714378214,0.030625,0.0307673045050672,0.029829597473145,0.000142304505067178,0.000795402526854977
0.552920307031804,0.030976,0.0311489742939531,0.0301765747070321,0.000172974293953094,0.000799425292967917
0.556061899685393,0.031329,0.0315319523999789,0.0305235519409194,0.000202952399978848,0.000805448059080657
0.559203492338983,0.031684,0.0319161137666877,0.0308705291748065,0.000232113766687761,0.000813470825193469
0.562345084992573,0.032041,0.0323013366113664,0.0312246627807631,0.000260336611366423,0.000816337219236903
0.565486677646163,0.0324,0.0326875029322117,0.0315794372558601,0.000287502932211615,0.00082056274413999
0.568628270299753,0.032761,0.0330744990003205,0.031934211730957,0.000313499000320523,0.000826788269042963
0.571769862953342,0.033124,0.0334622158344587,0.0322890167236322,0.000338215834458679,0.000834983276367822
0.574911455606932,0.033489,0.033850549656629,0.0326515884399413,0.000361549656628976,0.000837411560058635
0.578053048260522,0.033856,0.034239402326543,0.0330141601562504,0.000383402326542978,0.00084183984374956
0.581194640914112,0.034225,0.034628681753182,0.0333767318725596,0.000403681753182027,0.000848268127440363
0.584336233567702,0.034596,0.0350183022817255,0.0337400054931654,0.000422302281725496,0.000855994506834566
0.587477826221292,0.034969,0.035408185054227,0.0341103744506848,0.000439185054226986,0.000858625549315248
0.590619418874881,0.035344,0.0357982583425242,0.034480743408204,0.000454258342524216,0.000863256591795966
0.593761011528471,0.035721,0.036188457851981,0.0348511123657234,0.000467457851981032,0.000869887634276589
0.59690260418206,0.0361,0.0365787269947805,0.0352228546142583,0.000478726994780514,0.000877145385741643
0.60004419683565,0.036481,0.0369690171316107,0.0356010208129893,0.00048801713161066,0.000879979187010736
0.603185789489241,0.036864,0.0373592877807162,0.0359791870117201,0.00049528778071619,0.000884812988279908
0.60632738214283,0.037249,0.0377495067934193,0.0363573532104511,0.000500506793419321,0.000891646789548943
0.60946897479642,0.037636,0.0381396504953544,0.036737564086916,0.000503650495354419,0.000898435913083952
0.61261056745001,0.038025,0.0385297037927991,0.0371235275268568,0.000504703792799058,0.000901472473143212
0.615752160103599,0.038416,0.038919660243628,0.0375094909667976,0.000503660243628058,0.00090650903320242
0.618893752757189,0.038809,0.0393095220925637,0.0378954544067384,0.000500522092563786,0.000913545593261539
0.622035345410779,0.0392040000000001,0.0396993002705404,0.0382841339111327,0.000495300270540344,0.000919866088867342
0.625176938064369,0.039601,0.0400890143581504,0.0386778945922856,0.0004880143581504,0.000923105407714404
0.628318530717959,0.04,0.0404786925132881,0.0390716552734383,0.000478692513288123,0.000928344726561663
0.631460123371548,0.040401,0.0408683713632523,0.0394654159545912,0.000467371363252332,0.000935584045408736
0.634601716025138,0.040804,0.041258095861719,0.0398625640869155,0.000454095861718955,0.00094143591308446
0.637743308678728,0.041209,0.0416479191111375,0.0402641220092785,0.000438919111137512,0.000944877990721453
0.640884901332318,0.041616,0.042037902151251,0.0406656799316414,0.000421902151250979,0.000950320068358601
0.644026493985907,0.042025,0.042428113714576,0.0410672378540043,0.000403113714576027,0.000957762145995682
0.647168086639498,0.042436,0.0428186299498205,0.0414728546142582,0.000382629949820468,0.000963145385741777
0.650309679293087,0.042849,0.0432095341143467,0.041882209777833,0.000360534114346681,0.000966790222167009
0.653451271946677,0.043264,0.043600916236918,0.0422915649414076,0.000336916236918075,0.000972435058592347
0.656592864600267,0.043681,0.0439928727520912,0.0427009201049824,0.000311872752091207,0.000980079895017638
0.659734457253857,0.0441,0.0443855061077323,0.0431150054931656,0.000285506107732314,0.00098499450683439
0.662876049907446,0.044521,0.0447789243472521,0.0435321578979503,0.00025792434725206,0.000988842102049754
0.666017642561036,0.044944,0.0451732406682549,0.0439493103027348,0.000229240668254943,0.000994689697265211
0.669159235214626,0.045369,0.0455685729594025,0.0443664627075194,0.000199572959402525,0.00100253729248063
0.672300827868216,0.045796,0.0459650433173784,0.0447890167236327,0.000169043317378402,0.00100698327636731
0.675442420521805,0.046225,0.0463627775459284,0.0452139663696293,0.000137777545928405,0.00101103363037067
0.678584013175395,0.046656,0.0467619046390255,0.0456389160156258,0.000105904639025454,0.00101708398437419
0.681725605828985,0.047089,0.047162556250276,0.0460638656616224,7.35562502759968e-05,0.00102513433837761
0.684867198482575,0.047524,0.0475648661507436,0.0464948883056652,4.08661507436056e-05,0.00102911169433478
0.688008791136165,0.047961,0.0479689696774167,0.0469276351928719,7.96967741677201e-06,0.00103336480712805
0.691150383789755,0.0484,0.0483750031745866,0.0473603820800786,2.49968254133828e-05,0.0010396179199214
0.694291976443344,0.048841,0.048783103430435,0.0477931289672854,5.78965695649733e-05,0.00104787103271459
0.697433569096934,0.049284,0.0491934071111533,0.0482326202392584,9.05928888466981e-05,0.00105137976074166
0.700575161750524,0.049729,0.0496060501949259,0.0486731643676768,0.000122949805074109,0.00105583563232318
0.703716754404114,0.050176,0.0500211674081158,0.0491137084960951,0.000154832591884223,0.00106229150390494
0.706858347057703,0.050625,0.0504388916659833,0.0495542526245135,0.000186108334016673,0.00107074737548645
0.709999939711293,0.051076,0.0508593535202521,0.0500022125244153,0.000216646479747867,0.00107378747558466
0.713141532364883,0.051529,0.0512826806158114,0.0504505538940437,0.000246319384188599,0.00107844610595634
0.716283125018473,0.0519840000000001,0.0517089971588089,0.0508988952636719,0.000275002841191134,0.00108510473632811
0.719424717672063,0.052441,0.0521384233983447,0.0513475265502924,0.000302576601655356,0.00109347344970757
0.722566310325652,0.0529,0.0525710751239201,0.0518036651611327,0.000328924876079863,0.00109633483886725
0.725707902979242,0.053361,0.0530070631807378,0.0522598037719731,0.000353936819262178,0.00110119622802689
0.728849495632832,0.053824,0.0534464930048733,0.0527159423828134,0.000377506995126696,0.00110805761718657
0.731991088286422,0.054289,0.0538894641802622,0.0531730422973647,0.000399535819737763,0.0011159577026353
0.735132680940012,0.054756,0.0543360700193584,0.0536369781494149,0.00041992998064163,0.00111902185058508
0.738274273593602,0.055225,0.0547863971692216,0.0541009140014654,0.000438602830778456,0.00112408599853464
0.741415866247191,0.055696,0.0552405252446933,0.0545648498535158,0.000455474755306662,0.00113115014648425
0.744557458900781,0.056169,0.0556985264902069,0.0550304183959961,0.00047047350979304,0.00113858160400388
0.747699051554371,0.056644,0.0561604654716633,0.0555021514892581,0.000483534528336681,0.00114184851074188
0.75084064420796,0.057121,0.0566263987996819,0.0559738845825204,0.000494601200318114,0.0011471154174796
0.753982236861551,0.0576,0.0570963748854066,0.0564456176757825,0.00050362511459344,0.0011543823242175
0.75712382951514,0.058081,0.0575704337299158,0.0569196548461929,0.000510566270084147,0.00116134515380707
0.76026542216873,0.058564,0.0580486067481481,0.057399185180665,0.00051539325185191,0.00116481481933501
0.76340701482232,0.059049,0.058530916628111,0.0578787155151371,0.00051808337188905,0.00117028448486289
0.766548607475909,0.059536,0.0590173772260006,0.0583582458496092,0.00051862277399941,0.00117775415039074
0.769690200129499,0.0600249999999999,0.0595079934977089,0.058840751647949,0.000517006502291049,0.00118424835205097
0.772831792783089,0.0605160000000001,0.0600027614670468,0.0593280792236329,0.000513238532953215,0.00118792077636712
0.775973385436679,0.061009,0.0605016682308603,0.059815406799317,0.000507331769139675,0.00119359320068302
0.779114978090269,0.061504,0.0610046920010676,0.0603027343750009,0.000499307998932434,0.00120126562499914
0.782256570743859,0.062001,0.0615118021834859,0.0607937088012706,0.000489197816514103,0.00120729119872943
0.785398163397448,0.0625,0.0620229594931751,0.0612888336181649,0.000477040506824865,0.00121116638183506
0.788539756051038,0.063001,0.0625381161058637,0.0617839584350593,0.000462883894136262,0.00121704156494068
0.791681348704628,0.063504,0.0630572158448815,0.0622790832519537,0.000446784155118549,0.00122491674804626
0.794822941358218,0.0640090000000001,0.0635801944028715,0.062778526306153,0.000428805597128504,0.00123047369384709
0.797964534011808,0.064516,0.0641069795974127,0.0632814483642589,0.000409020402587335,0.00123455163574111
0.801106126665397,0.065025,0.0646374916595385,0.0637843704223647,0.000387508340461515,0.00124062957763524
0.804247719318987,0.065536,0.0651716435540081,0.0642872924804707,0.000364356445991865,0.00124870751952927
0.807389311972577,0.066049,0.0657093413300449,0.0647952041625994,0.00033965866995514,0.00125379583740064
0.810530904626167,0.066564,0.0662504845011378,0.0653059234619152,0.000313515498862202,0.00125807653808487
0.813672497279756,0.067081,0.0667949664523742,0.065816642761231,0.000286033547625755,0.00126435723876901
0.816814089933346,0.0676,0.0673426748736589,0.0663273620605469,0.000257325126341176,0.00127263793945311
0.819955682586936,0.068121,0.0678934922170659,0.0668437423706056,0.000227507782934136,0.00127725762939436
0.823097275240526,0.068644,0.0684472961764677,0.0673622589111335,0.000196703823532249,0.0012817410888665
0.826238867894115,0.069169,0.0690039601874898,0.0678807754516611,0.000165039812510134,0.00128822454833888
0.829380460547706,0.0696960000000001,0.0695633539457549,0.0683992919921889,0.000132646054245136,0.00129670800781113
0.832522053201295,0.070225,0.0701253439413017,0.068924140930177,9.96560586982859e-05,0.00130085906982302
0.835663645854885,0.070756,0.0706897940069951,0.0694504547119151,6.62059930048864e-05,0.00130554528808492
0.838805238508475,0.071289,0.0712565658786798,0.0699767684936529,3.24341213201323e-05,0.00131223150634704
0.841946831162065,0.071824,0.071825519764783,0.070503082275391,1.51976478296456e-06,0.00132091772460903
0.845088423815654,0.072361,0.0723965149230263,0.0710363998413092,3.55149230263641e-05,0.00132460015869074
0.848230016469244,0.0729,0.0729694102418772,0.0715705108642589,6.94102418772186e-05,0.00132948913574109
0.851371609122834,0.0734410000000001,0.0735440648243426,0.0721046218872085,0.000103064824342511,0.00133637811279158
0.854513201776424,0.073984,0.0741203385717008,0.072638732910158,0.000136338571700784,0.00134526708984199
0.857654794430013,0.074529,0.0746980927647599,0.0731805191040051,0.000169092764759946,0.00134848089599485
0.860796387083603,0.0750759999999999,0.0752771906402391,0.0737224273681648,0.000201190640239129,0.00135357263183511
0.863937979737194,0.0756250000000001,0.0758574979598866,0.0742643356323244,0.000232497959886502,0.00136066436767564
0.867079572390783,0.076176,0.0764388835699732,0.0748067932128905,0.000262883569973213,0.00136920678710957
0.870221165044373,0.076729,0.0770212199488398,0.0753564987182618,0.000292219948839809,0.00137250128173819
0.873362757697962,0.077284,0.0776043837402175,0.0759062042236334,0.000320383740217534,0.00137779577636654
0.876504350351553,0.0778410000000001,0.0781882562701007,0.0764559097290049,0.000347256270100613,0.00138509027099519
0.879645943005142,0.0784000000000001,0.0787727240450133,0.0770068359375014,0.000372724045013248,0.00139316406249869
0.882787535658732,0.078961,0.0793576792295852,0.0775643386840831,0.000396679229585195,0.00139666131591698
0.885929128312322,0.079524,0.0799430201014359,0.0781218414306647,0.000419020101435963,0.00140215856933526
0.889070720965911,0.080089,0.0805286514814533,0.0786793441772464,0.000439651481453376,0.00140965582275358
0.892212313619501,0.0806559999999999,0.0811144851376565,0.0792387390136721,0.000458485137656589,0.0014172609863278
0.895353906273091,0.081225,0.0817004401609348,0.0798040390014655,0.000475440160934801,0.00142096099853459
0.898495498926681,0.081796,0.0822864433110694,0.0803693389892589,0.000490443311069344,0.00142666101074108
0.90163709158027,0.082369,0.0828724293315661,0.0809346389770521,0.000503429331566177,0.00143436102294783
0.90477868423386,0.0829439999999999,0.083458341231952,0.0815025024414078,0.000514341231952056,0.00144149755859214
0.90792027688745,0.0835209999999999,0.0840441305363191,0.0820755996704111,0.000523130536319152,0.00144540032958879
0.91106186954104,0.0841,0.0846297574970427,0.0826486968994146,0.000529757497042635,0.00145130310058547
0.91420346219463,0.084681,0.085215191272734,0.0832217941284178,0.000534191272734019,0.00145920587158224
0.917345054848219,0.085264,0.085800410069642,0.0837981262207028,0.000536410069642099,0.00146587377929711
0.92048664750181,0.0858490000000001,0.086385401245862,0.0843790206909181,0.000536401245861892,0.00146997930908199
0.923628240155399,0.0864360000000001,0.0869701613778636,0.0849599151611335,0.000534161377863579,0.00147608483886659
0.926769832808989,0.087025,0.087554696289009,0.0855408096313487,0.000529696289008952,0.0014841903686513
0.929911425462579,0.087616,0.0881390210398791,0.0861256103515636,0.000523021039879112,0.00149038964843637
0.933053018116169,0.0882090000000001,0.088723159880393,0.0867143020629891,0.000514159880392939,0.00149469793701106
0.936194610769759,0.0888040000000001,0.089307146163856,0.0873029937744147,0.000503146163855966,0.00150100622558541
0.939336203423348,0.089401,0.0898910222232329,0.0878916854858401,0.000490022223232869,0.00150931451415992
0.942477796076938,0.09,0.0904748392100974,0.0884849548339848,0.000474839210097389,0.00151504516601517
0.945619388730528,0.090601,0.0910586568968628,0.0890814437866217,0.000457656896862876,0.00151955621337824
0.948760981384117,0.0912039999999999,0.0916425434430539,0.0896779327392589,0.000438543443054024,0.00152606726074105
0.951902574037708,0.0918090000000001,0.0922265751265266,0.0902744216918959,0.000417575126526584,0.00153457830810415
0.955044166691297,0.092416,0.0928108360406884,0.09087615966797,0.000394836040688365,0.00153984033202999
0.958185759344887,0.093025,0.0933954177589171,0.0914804458618172,0.00037041775891708,0.00154455413818283
0.961327351998477,0.0936360000000001,0.0939804189675094,0.0920847320556643,0.000344418967509266,0.0015512679443358
0.964468944652066,0.0942489999999999,0.0945659450686217,0.0926890182495114,0.00031694506862176,0.00155998175048846
0.967610537305656,0.094864,0.095152107754799,0.0932992248535156,0.000288107754798955,0.00156477514648441
0.970752129959246,0.095481,0.0957390245567944,0.0939113082885746,0.000258024556794439,0.00156969171142544
0.973893722612836,0.0961,0.0963268183665109,0.0945233917236336,0.000226818366510936,0.00157660827636633
0.977035315266426,0.0967210000000001,0.0969156169369874,0.0951354751586924,0.00019461693698726,0.00158552484130767
0.980176907920015,0.0973439999999999,0.0975055523614569,0.095754150390626,0.000161552361457026,0.00158984960937388
0.983318500573605,0.097969,0.0980967605335981,0.0963740310668953,0.000127760533598087,0.00159496893310472
0.986460093227195,0.098596,0.0986893805911668,0.0969939117431647,9.33805911667862e-05,0.00160208825683525
0.989601685880785,0.099225,0.0992835543452875,0.0976137924194339,5.85543452875786e-05,0.00161120758056604
0.992743278534375,0.0998560000000001,0.0998794256977308,0.0982409362792976,2.34256977306863e-05,0.0016150637207025
0.995884871187965,0.100489,0.100477140048561,0.0988686141967784,1.18599514388196e-05,0.00162038580322167
0.999026463841554,0.101124,0.101076843696591,0.0994962921142593,4.71563034092487e-05,0.00162770788574072
1.00216805649514,0.101761,0.101678683235094,0.100124107360842,8.23167649061929e-05,0.00163689263915837
1.00530964914873,0.1024,0.102282804945275,0.100759582519532,0.000117195054725378,0.00164041748046743
1.00845124180232,0.103041,0.102889354189986,0.101395057678223,0.000151645810013756,0.00164594232177666
1.01159283445591,0.103684,0.103498474810203,0.102030532836914,0.000185525189797198,0.00165346716308558
1.0147344271095,0.104329,0.104110308526744,0.102666816711426,0.000218691473256261,0.00166218328857426
1.01787601976309,0.104976,0.104724994349726,0.103310089111328,0.000251005650273514,0.00166591088867145
1.02101761241668,0.105625,0.1053426679982,0.103953361511231,0.000282332001800112,0.00167163848876911
1.02415920507027,0.106276,0.105963461332372,0.104596633911134,0.000312538667627857,0.00167936608886614
1.02730079772386,0.106929,0.106587501800798,0.105241386413575,0.000341498199201914,0.00168761358642469
1.03044239037745,0.107584,0.107214911904835,0.105892456054688,0.000369088095165587,0.00169154394531169
1.03358398303104,0.108241,0.107845808682604,0.106543525695801,0.000395191317395877,0.00169747430419846
1.03672557568463,0.1089,0.108480303214635,0.107194595336914,0.000419696785365353,0.00170540466308562
1.03986716833822,0.109561,0.109118500153248,0.107847816467285,0.000442499846751904,0.00171318353271444
1.04300876099181,0.110224,0.10976049727769,0.10850668334961,0.000463502722310452,0.00171731665038993
1.0461503536454,0.110889,0.110406385076874,0.109165550231935,0.000482614923125665,0.0017234497680656
1.04929194629899,0.111556,0.111056246361527,0.109824417114259,0.000499753638472641,0.00173158288574077
1.05243353895258,0.112225,0.111710155907367,0.11048610687256,0.000514844092632735,0.00173889312744029
1.05557513160617,0.112896,0.112368180130864,0.111152770996095,0.000527819869135707,0.00174322900390546
1.05871672425976,0.113569,0.113030376798971,0.111819435119629,0.000538623201029265,0.00174956488037077
1.06185831691335,0.114244,0.113696794774081,0.112486099243164,0.000547205225919389,0.00175790075683592
1.06499990956694,0.114921,0.114367473795339,0.113156257629394,0.000553526204661162,0.00176474237060587
1.06814150222053,0.1156,0.115042444297267,0.113830718994141,0.00055755570273297,0.00176928100585917
1.07128309487412,0.116281,0.115721727266524,0.114505180358887,0.000559272733476335,0.00177581964111267
1.07442468752771,0.116964,0.116405334137459,0.115179641723634,0.000558665862540511,0.001784358276366
1.0775662801813,0.117649,0.117093266726972,0.115858268737794,0.000555733273027728,0.00179073126220582
1.08070787283489,0.118336,0.117785517209001,0.116540527343751,0.000550482790999007,0.00179547265624926
1.08384946548848,0.119025,0.11848206812884,0.117222785949708,0.000542931871160321,0.0018022140502925
1.08699105814207,0.119716,0.119182892457286,0.117905044555664,0.00053310754271424,0.00181095544433561
1.09013265079566,0.120409,0.119887953684474,0.118592140197754,0.000521046315525825,0.00181685980224588
1.09327424344925,0.121104,0.120597205953084,0.119282196044923,0.00050679404691574,0.00182180395507725
1.09641583610284,0.121801,0.121310594230444,0.119972251892091,0.000490405769555544,0.00182874810790933
1.09955742875643,0.1225,0.122028054518898,0.120662307739259,0.000471945481102395,0.0018376922607409
1.10269902141002,0.123201,0.122749514103631,0.121357872009278,0.000451485896368467,0.0018431279907216
1.10584061406361,0.123904,0.123474891837024,0.122055725097657,0.00042910816297631,0.00184827490234316
1.1089822067172,0.124609,0.124204098458395,0.122753578186035,0.000404901541604469,0.00185542181396448
1.11212379937079,0.125316,0.124937036947926,0.123451431274414,0.000378963052074355,0.00186456872558621
1.11526539202438,0.126025,0.125673602913326,0.124155464172363,0.000351397086673921,0.0018695358276368
1.11840698467797,0.126736,0.126413685007749,0.124861114501953,0.000322314992250744,0.00187488549804649
1.12154857733156,0.127449,0.127157165377263,0.125566764831544,0.000291834622737186,0.00188223516845651
1.12469016998515,0.128164,0.1279039201361,0.126272415161134,0.000260079863899948,0.00189158483886617
1.12783176263874,0.128881,0.128653819867782,0.126984916687012,0.000227180132217619,0.00189608331298763
1.13097335529233,0.1296,0.129406730150093,0.127698364257813,0.000193269849906696,0.00190163574218696
1.13411494794592,0.130321,0.130162512101786,0.128411811828613,0.000158487898214266,0.00190918817138663
1.1372565405995,0.131044,0.130921022948809,0.129125259399414,0.000122977051190742,0.00191874060058572
1.1403981332531,0.131769,0.131682116607758,0.129846229553223,8.6883392242082e-05,0.00192277044677724
1.14353972590668,0.132496,0.132445644284166,0.130567474365235,5.03557158335055e-05,0.00192852563476506
1.14668131856027,0.133225,0.133211455083214,0.131288719177247,1.35449167859014e-05,0.00193628082275302
1.14982291121386,0.133956,0.133979396630341,0.132010360717775,2.3396630340955e-05,0.00194563928222546
1.15296450386745,0.134689,0.134749315699235,0.132739402770997,6.03156992352305e-05,0.00194959722900301
1.15610609652104,0.135424,0.135521058844615,0.133468444824219,9.70588446146115e-05,0.00195555517578097
1.15924768917463,0.136161,0.136294473037201,0.134197486877441,0.000133473037200876,0.00196351312255896
1.16238928182822,0.1369,0.137069406298269,0.134927597045898,0.000169406298269448,0.00197240295410187
1.16553087448181,0.137641,0.137845708331157,0.135664436340332,0.000204708331156656,0.00197656365966811
1.1686724671354,0.138384,0.138623231147111,0.136401275634766,0.000239231147111024,0.00198272436523403
1.17181405978899,0.139129,0.139401829682894,0.1371381149292,0.000272829682894493,0.00199088507080025
1.17495565244258,0.139876,0.140181362407567,0.137876693725587,0.000305362407567428,0.00199930627441317
1.17809724509617,0.140625,0.140961691915932,0.138621330261231,0.000336691915932108,0.00200366973876881
1.18123883774976,0.141376,0.141742685506156,0.139365966796875,0.000366685506156317,0.00201003320312471
1.18438043040335,0.142129,0.142524215739162,0.14011060333252,0.000395215739161764,0.00201839666748019
1.18752202305694,0.142884,0.143306160977431,0.140857650756836,0.000422160977431002,0.00202634924316397
1.19066361571053,0.143641,0.144088405900965,0.141610084533692,0.000447405900964593,0.00203091546630801
1.19380520836412,0.1444,0.144870841998213,0.142362518310548,0.000470841998212623,0.00203748168945242
1.19694680101771,0.145161,0.145653368029903,0.143114952087404,0.00049236802990249,0.00204604791259647
1.2000883936713,0.145924,0.14643589046379,0.14387046813965,0.000511890463789771,0.00205353186035032
1.20322998632489,0.146689,0.147218323878478,0.144630699157716,0.000529323878478205,0.00205830084228448
1.20637157897848,0.147456,0.148000591334574,0.145390930175782,0.000544591334574379,0.00206506982421822
1.20951317163207,0.148225,0.148782624711579,0.146151161193848,0.000557624711579191,0.0020738388061522
1.21265476428566,0.148996,0.149564365009048,0.146915145874023,0.000568365009048055,0.00208085412597631
1.21579635693925,0.149769,0.150345762610705,0.147683174133301,0.000576762610704856,0.00208582586669875
1.21893794959284,0.150544,0.151126777510335,0.148451202392579,0.000582777510335225,0.00209279760742159
1.22207954224643,0.151321,0.151907379498448,0.149219230651856,0.000586379498448336,0.0021017693481436
1.22522113490002,0.1521,0.152687548308849,0.149991683959962,0.00058754830884869,0.00210831604003836
1.22836272755361,0.152881,0.153467273724428,0.15076750946045,0.00058627372442846,0.00211349053955007
1.2315043202072,0.153664,0.154246555641651,0.151543334960938,0.000582555641650939,0.00212066503906216
1.23464591286079,0.154449,0.155025404093373,0.152319160461426,0.00057640409337259,0.00212983953857412
1.23778750551438,0.155236,0.155803839229815,0.153100082397461,0.000567839229814432,0.00213591760253889
1.24092909816797,0.156025,0.156581891257671,0.153883705139161,0.000556891257670944,0.00214129486083919
1.24407069082156,0.156816,0.157359600337513,0.15466732788086,0.000543600337513328,0.00214867211913974
1.24721228347515,0.157609,0.158137016439819,0.15545095062256,0.000528016439818785,0.00215804937744024
1.25035387612874,0.158404,0.158914199160127,0.156240341186524,0.000510199160127289,0.00216365881347561
1.25349546878233,0.159201,0.159691217493997,0.157031761169434,0.000490217493996914,0.00216923883056591
1.25663706143592,0.16,0.160468149572595,0.157823181152344,0.000468149572595417,0.00217681884765619
1.25977865408951,0.160801,0.161245082359931,0.158614601135254,0.000444082359931541,0.00218639886474625
1.2629202467431,0.161604,0.162022111312887,0.159412460327148,0.000418111312886715,0.00219153967285199
1.26606183939669,0.162409,0.162799340005368,0.16021167755127,0.000390340005368001,0.00219732244873028
1.26920343205028,0.163216,0.163576879718048,0.161010894775391,0.000360879718048046,0.00220510522460915
1.27234502470387,0.164025,0.164354848995309,0.161810111999512,0.000329848995309273,0.0022148880004878
1.27548661735746,0.164836,0.165133373171143,0.162616439819336,0.000297373171142618,0.00221956018066349
1.27862821001105,0.165649,0.165912583865888,0.163423454284668,0.000263583865887623,0.00222554571533184
1.28176980266463,0.166464,0.16669261845582,0.16423046875,0.000228618455820478,0.00223353124999973
1.28491139531823,0.167281,0.167473619517719,0.165037483215332,0.000192619517718567,0.00224351678466786
1.28805298797181,0.1681,0.168255734250631,0.165852279663086,0.000155734250631534,0.00224772033691376
1.2911945806254,0.168921,0.169039113877195,0.166667091369629,0.000118113877194737,0.00225390863037042
1.294336173279,0.169744,0.169823913026904,0.167481903076172,7.99130269039938e-05,0.00226209692382764
1.29747776593258,0.170569,0.170610289103856,0.168297370910645,4.12891038563679e-05,0.00227162908935463
1.30061935858617,0.171396,0.171398401641527,0.169119979858399,2.40164152737199e-06,0.00227602014160103
1.30376095123976,0.172225,0.172188411647215,0.169942588806153,3.6588352785083e-05,0.00228241119384723
1.30690254389335,0.173056,0.172980480938834,0.170765197753906,7.55190611661238e-05,0.00229080224609404
1.31004413654694,0.173889,0.173774771476774,0.171589134216308,0.000114228523225984,0.00229986578369173
1.31318572920053,0.174724,0.174571444693568,0.172419540405273,0.000152555306431962,0.00230445959472658
1.31632732185412,0.175561,0.175370660824133,0.173249946594239,0.000190339175867416,0.00231105340576149
1.31946891450771,0.1764,0.176172578239341,0.174080352783204,0.000227421760658902,0.00231964721679614
1.3226105071613,0.177241,0.17697735278569,0.174912757873536,0.00026364721430977,0.00232824212646421
1.32575209981489,0.178084,0.177785137133796,0.175750961303711,0.000298862866203536,0.00233303869628845
1.32889369246848,0.178929,0.178596080138431,0.176589164733887,0.000332919861568998,0.00233983526611298
1.33203528512207,0.179776,0.179410326212764,0.177427368164062,0.000365673787235787,0.00234863183593773
1.33517687777566,0.180625,0.180228014719432,0.178268241882324,0.000396985280568085,0.00235675811767566
1.33831847042925,0.181476,0.181049279380978,0.179114242553711,0.00042672061902177,0.00236175744628911
1.34146006308284,0.182329,0.181874247712154,0.179960243225098,0.0004547522878455,0.00236875677490195
1.34460165573643,0.183184,0.182703040476469,0.180806243896485,0.000480959523530833,0.00237775610351498
1.34774324839002,0.184041,0.183535771169291,0.181655586242676,0.00050522883070897,0.00238541375732365
1.35088484104361,0.1849,0.184372545529703,0.182509384155274,0.000527454470297284,0.00239061584472636
1.3540264336972,0.185761,0.18521346108319,0.183363182067871,0.000547538916810059,0.00239781793212904
1.35716802635079,0.186624,0.18605860671713,0.184216979980468,0.000565393282870308,0.00240702001953169
1.36030961900438,0.187489,0.18690806229091,0.18507479095459,0.000580937709089901,0.00241420904541043
1.36345121165797,0.188356,0.187761898282378,0.185936386108398,0.000594101717622142,0.00241961389160159
1.36659280431156,0.189225,0.188620175472162,0.186797981262207,0.000604824527838055,0.0024270187377928
1.36973439696515,0.190096,0.18948294466727,0.187659576416016,0.000613055332729651,0.0024364235839841
1.37287598961874,0.190969,0.190350246465203,0.188525856018067,0.00061875353479704,0.00244314398193313
1.37601758227233,0.191844,0.191222111059653,0.189395248413086,0.000621888940347426,0.00244875158691396
1.37915917492592,0.192721,0.192098558088703,0.190264640808106,0.00062244191129654,0.00245635919189413
1.38230076757951,0.1936,0.192979596526262,0.191134033203125,0.000620403473738346,0.00246596679687516
1.3854423602331,0.194481,0.193865224617276,0.192008781433106,0.000615775382723782,0.00247221856689467
1.38858395288669,0.195364,0.194755429857131,0.192885971069336,0.000608570142868997,0.00247802893066376
1.39172554554028,0.196249,0.195650189015406,0.193763160705567,0.000598810984594605,0.00248583929443311
1.39486713819387,0.197136,0.196549468204023,0.194640350341798,0.000586531795977202,0.00249564965820218
1.39800873084746,0.198025,0.197453222989619,0.195523567199708,0.000571777010381358,0.0025014328002925
1.40115032350105,0.198916,0.198361398549782,0.196408554077149,0.000554601450218323,0.00250744592285146
1.40429191615464,0.199809,0.199273929872639,0.19729354095459,0.000535070127360648,0.00251545904541017
1.40743350880823,0.200704,0.200190741999075,0.198178527832031,0.000513258000924943,0.00252547216796936
1.41057510146182,0.201601,0.201111750306694,0.199070213317871,0.000489249693305688,0.00253078668212914
1.41371669411541,0.2025,0.202036860834476,0.199962997436523,0.000463139165524346,0.00253700256347672
1.416858286769,0.203401,0.202965970646879,0.200855781555176,0.000435029353120953,0.00254521844482394
1.41999987942259,0.204304,0.20389896823601,0.201748565673829,0.00040503176399026,0.00255543432617159
1.42314147207618,0.205209,0.204835733960287,0.202648719787598,0.000373266039712883,0.00256028021240201
1.42628306472977,0.206116,0.205776140517901,0.203549301147461,0.000339859482098859,0.00256669885253893
1.42942465738336,0.207025,0.206720053453202,0.204449882507324,0.000304946546797885,0.00257511749267583
1.43256625003695,0.207936,0.207667331694021,0.205350708007812,0.000268668305979214,0.00258529199218774
1.43570784269054,0.208849,0.20861782811779,0.206259086608887,0.000231171882210363,0.00258991339111334
1.43884943534412,0.209764,0.209571390144205,0.207167465209961,0.000192609855794446,0.00259653479003866
1.44199102799772,0.210681,0.210527860352066,0.208075843811036,0.000153139647934369,0.0026051561889642
1.44513262065131,0.2116,0.211487077117796,0.208985137939454,0.000112922882204158,0.00261486206054654
1.44827421330489,0.212521,0.212448875273102,0.209901313781739,7.2124726897993e-05,0.00261968621826122
1.45141580595848,0.213444,0.21341308677908,0.210817489624024,3.09132209204144e-05,0.00262651037597658
1.45455739861207,0.214369,0.214379541414052,0.211733665466309,1.05414140518789e-05,0.00263533453369144
1.45769899126566,0.215296,0.215348067472337,0.212651428222656,5.20674723370751e-05,0.0026445717773442
1.46084058391925,0.216225,0.216318492471093,0.213575401306152,9.34924710929708e-05,0.00264959869384798
1.46398217657284,0.217156,0.217290643862348,0.214499374389648,0.000134643862348405,0.00265662561035146
1.46712376922643,0.218089,0.218264349747298,0.215423347473145,0.000175349747298437,0.00266565252685522
1.47026536188002,0.219024,0.219239439589927,0.216349578857422,0.000215439589926897,0.00267442114257779
1.47340695453361,0.219961,0.22021574492701,0.217281349182129,0.000254744927010164,0.00267965081787089
1.4765485471872,0.2209,0.221193100071567,0.218213119506836,0.000293100071566993,0.00268688049316393
1.47969013984079,0.221841,0.222171342806832,0.219144889831543,0.000330342806831835,0.00269611016845708
1.48283173249438,0.222784,0.22315031506787,0.22007958984375,0.000366315067869938,0.00270441015625006
1.48597332514797,0.223729,0.224129863607983,0.221019157409668,0.000400863607982638,0.00270984259033175
1.48911491780156,0.224676,0.225109840647116,0.221958724975586,0.000433840647116102,0.00271727502441416
1.49225651045515,0.225625,0.226090104499548,0.222898292541504,0.000465104499548424,0.00272670745849554
1.49539810310874,0.226576,0.227070520178207,0.223841461181641,0.000494520178206947,0.00273453881835914
1.49853969576233,0.227529,0.228050959973058,0.22478882598877,0.000521959973058372,0.00274017401123006
1.50168128841592,0.228484,0.229031304001112,0.225736190795898,0.000547304001111942,0.00274780920410161
1.50482288106951,0.229441,0.230011440725688,0.226683555603027,0.000570440725687626,0.00275744439697329
1.5079644737231,0.2304,0.230991267442717,0.227635192871093,0.000591267442716925,0.00276480712890659
1.51110606637669,0.231361,0.231970690731978,0.228590354919433,0.00060969073197828,0.00277064508056665
1.51424765903028,0.232324,0.232949626871304,0.229545516967773,0.000625626871303631,0.00277848303222666
1.51738925168387,0.233289,0.23392800221194,0.230500679016113,0.000639002211940271,0.00278832098388651
1.52053084433746,0.234256,0.234905753513406,0.231460784912109,0.000649753513406043,0.00279521508789088
1.52367243699105,0.235225,0.235882828236339,0.23242374420166,0.000657828236338781,0.00280125579834001
1.52681402964464,0.236196,0.236859184792011,0.233386703491211,0.000663184792010524,0.00280929650878933
1.52995562229823,0.237169,0.237834792747344,0.234349662780762,0.000665792747344213,0.00281933721923841
1.53309721495182,0.238144,0.238809632984462,0.235318237304687,0.000665632984461845,0.00282576269531279
1.53623880760541,0.239121,0.239783697813967,0.236288993835449,0.000662697813966523,0.00283200616455101
1.539380400259,0.2401,0.240756991041354,0.237259750366211,0.000656991041353444,0.00284024963378923
1.54252199291259,0.241081,0.241729527986138,0.238230506896973,0.000648527986138098,0.00285049310302715
1.54566358556618,0.242064,0.242701335453475,0.239207550048828,0.000637335453475107,0.00285644995117182
1.54880517821977,0.243049,0.243672451658248,0.240186103820801,0.000623451658247565,0.00286289617919963
1.55194677087336,0.244036,0.244642926101789,0.241164657592773,0.000606926101789557,0.00287134240722686
1.55508836352695,0.245025,0.24561281940161,0.242143211364746,0.000587819401609707,0.00288178863525446
1.55822995618054,0.246016,0.246582203074673,0.243128723144531,0.000566203074672922,0.00288727685546949
1.56137154883413,0.247009,0.24755115927499,0.244115074157715,0.000542159274990517,0.00289392584228526
1.56451314148772,0.248004,0.248519780486461,0.245101425170898,0.000515780486460421,0.00290257482910208
1.56765473414131,0.249001,0.249488169172087,0.246087776184082,0.000487169172087354,0.00291322381591783
1.5707963267949,0.25,0.250456437380889,0.247081756591797,0.000456437380888575,0.00291824340820324
1.57393791944849,0.251001,0.25142470631398,0.248075904846191,0.000423706313980088,0.00292509515380895
1.57707951210208,0.252004,0.2523931058515,0.249070053100586,0.000389105851500482,0.00293394689941384
1.58022110475567,0.253009,0.2533617740422,0.250064704895019,0.000352774042199411,0.00294429510498073
1.58336269740926,0.254016,0.254330856557681,0.251066650390625,0.000314856557681098,0.00294934960937487
1.58650429006285,0.255025,0.255300506113436,0.252068595886231,0.000275506113435742,0.00295640411376918
1.58964588271644,0.256036,0.256270881858942,0.253070541381836,0.000234881858942326,0.00296545861816339
1.59278747537003,0.257049,0.25724214873926,0.2540736618042,0.00019314873925963,0.00297533819580031
1.59592906802362,0.258064,0.258214476830642,0.255083404541016,0.000150476830641733,0.0029805954589841
1.5990706606772,0.259081,0.259188040652837,0.256093147277832,0.000107040652836954,0.00298785272216795
1.60221225333079,0.2601,0.260163018460825,0.257102890014648,6.30184608254591e-05,0.00299710998535152
1.60535384598438,0.261121,0.261139591518852,0.258114479064941,1.85915188516406e-05,0.00300652093505871
1.60849543863797,0.262144,0.262117943359683,0.259132019042969,2.60566403175178e-05,0.00301198095703131
1.61163703129156,0.263169,0.263098259032097,0.260149559020996,7.07409679023829e-05,0.00301944097900381
1.61477862394515,0.264196,0.264080724339673,0.261167098999024,0.000115275660326875,0.00302890100097636
1.61792021659874,0.265225,0.265065525073966,0.262187156677246,0.000159474926033965,0.00303784332275397
1.62106180925233,0.266256,0.266052846245243,0.263212493896485,0.000203153754757046,0.00304350610351528
1.62420340190592,0.267289,0.267042871313909,0.264237831115722,0.000246128686090752,0.00305116888427759
1.62734499455951,0.268324,0.268035781425812,0.265263168334961,0.000288218574187704,0.00306083166503923
1.6304865872131,0.269361,0.269031754654579,0.266291694641113,0.000329245345421392,0.00306930535888694
1.63362817986669,0.2704,0.270030965254131,0.267324829101563,0.000369034745869523,0.00307517089843762
1.63676977252028,0.271441,0.271033582924491,0.268357963562012,0.000407417075508454,0.00308303643798807
1.63991136517387,0.272484,0.272039772093956,0.269391098022461,0.000444227906043704,0.00309290197753898
1.64305295782746,0.273529,0.273049691220626,0.270428092956543,0.000479308779373966,0.003100907043457
1.64619455048105,0.274576,0.274063492116261,0.271469024658203,0.000512507883738855,0.00310697534179688
1.64933614313464,0.275625,0.275081319295303,0.272509956359863,0.000543680704696903,0.00311504364013715
1.65247773578823,0.276676,0.276103309351834,0.273550888061523,0.000572690648166341,0.00312511193847698
1.65561932844182,0.277729,0.277129590367134,0.274596351623535,0.000599409632865977,0.00313264837646549
1.65876092109541,0.278784,0.278160281350382,0.275645080566406,0.000623718649617522,0.00313891943359407
1.661902513749,0.279841,0.279195491714911,0.276693809509277,0.000645508285088969,0.0031471904907231
1.66504410640259,0.2809,0.280235320792293,0.277742538452149,0.00066467920770652,0.00315746154785129
1.66818569905618,0.281961,0.2812798573864,0.27879647064209,0.00068114261359975,0.00316452935791028
1.67132729170977,0.283024,0.28232917936939,0.279852996826172,0.000694820630609827,0.0031710031738284
1.67446888436336,0.284089,0.283383353321445,0.280909523010254,0.000705646678555216,0.00317947698974641
1.67761047701695,0.285156,0.284442434215885,0.281966049194336,0.000713565784115078,0.00318995080566459
1.68075206967054,0.286225,0.285506465151116,0.283028450012207,0.000718534848883512,0.00319654998779312
1.68389366232413,0.287296,0.286575477130674,0.2840927734375,0.000720522869325835,0.00320322656250011
1.68703525497772,0.288369,0.287649488892438,0.285157096862793,0.000719511107562409,0.00321190313720748
1.69017684763131,0.289444,0.288728506787888,0.286221420288086,0.000715493212112117,0.00322257971191375
1.6933184402849,0.290521,0.289812524712086,0.287292289733887,0.000708475287914123,0.00322871026611343
1.69646003293849,0.2916,0.290901524084828,0.288364410400391,0.000698475915172136,0.0032355895996094
1.69960162559208,0.292681,0.291995473883245,0.289436531066894,0.000685526116754764,0.00324446893310587
1.70274321824567,0.293764,0.293094330725887,0.290508651733398,0.000669669274112661,0.0032553482666019
1.70588481089926,0.294849,0.294198039008129,0.291587989807129,0.000650960991870453,0.00326101019287134
1.70902640355285,0.295936,0.295306531088527,0.292667907714844,0.000629468911472808,0.00326809228515645
1.71216799620644,0.297025,0.296419727525532,0.293747825622558,0.00060527247446851,0.00327717437744157
1.71530958886003,0.298116,0.29753753736377,0.294827835083008,0.000578462636229737,0.00328816491699224
1.71845118151362,0.299209,0.298659858468895,0.295915550231933,0.000549141531104747,0.0032934497680665
1.72159277416721,0.300304,0.29978657790979,0.297003265380859,0.000517422090210273,0.00330073461914082
1.7247343668208,0.301401,0.300917572386734,0.298090980529785,0.000483427613265752,0.00331001947021481
1.72787595947439,0.3025,0.302052708703935,0.299179458618164,0.000447291296064856,0.00332054138183602
1.73101755212798,0.303601,0.303191844284628,0.3002749710083,0.000409155715372089,0.00332602899169987
1.73415914478157,0.304704,0.304334827726795,0.301370483398437,0.000369172273204432,0.0033335166015625
1.73730073743516,0.305809,0.305481499397357,0.302465995788574,0.000327500602643305,0.00334300421142619
1.74044233008874,0.306916,0.306631692062523,0.303562942504883,0.000284307937477135,0.00335305749511705
1.74358392274234,0.308025,0.307785231551861,0.30466625213623,0.000239768448138777,0.00335874786376972
1.74672551539593,0.309136,0.308941937453453,0.305769561767578,0.000194062546546747,0.00336643823242244
1.74986710804951,0.310249,0.310101623837404,0.306872871398925,0.000147376162596302,0.0033761286010745
1.7530087007031,0.311364,0.311264100004828,0.307978286743164,9.98999951717927e-05,0.00338571325683634
1.75615029335669,0.312481,0.31242917125933,0.309089393615722,5.18287406702234e-05,0.00339160638427771
1.75929188601028,0.3136,0.313596639697874,0.310200500488281,3.36030212622074e-06,0.00339949951171886
1.76243347866387,0.314721,0.314766305017881,0.311311607360839,4.53050178806924e-05,0.00340939263916085
1.76557507131746,0.315844,0.315937965337272,0.312425491333008,9.39653372721838e-05,0.00341850866699256
1.76871666397105,0.316969,0.31711141802415,0.313544395446777,0.000142418024150381,0.00342460455322302
1.77185825662464,0.318096,0.318286460532727,0.314663299560547,0.000190460532727088,0.00343270043945321
1.77499984927823,0.319225,0.31946289124209,0.315782203674316,0.000237891242090005,0.00344279632568384
1.77814144193182,0.320356,0.320640510294364,0.316904556274414,0.000284510294364326,0.00345144372558609
1.78128303458541,0.321489,0.32181912042882,0.318031257629394,0.000330120428819636,0.00345774237060592
1.784424627239,0.322624,0.322998527808471,0.319157958984375,0.000374527808471359,0.0034660410156252
1.78756621989259,0.323761,0.324178542835753,0.320284660339355,0.000417542835752849,0.00347633966064481
1.79070781254618,0.3249,0.325358980953854,0.321415481567382,0.000458980953853549,0.00348451843261777
1.79384940519977,0.326041,0.326539663430375,0.322549980163574,0.000498663430375301,0.00349101983642608
1.79699099785336,0.327184,0.327720418120013,0.323684478759765,0.000536418120013427,0.00349952124023473
1.80013259050695,0.328329,0.328901080203041,0.324818977355957,0.000572080203041003,0.00351002264404365
1.80327418316054,0.329476,0.330081492896469,0.325958267211914,0.000605492896468662,0.00351773278808609
1.80641577581413,0.330625,0.331261508134843,0.327100563049316,0.00063650813484234,0.00352443695068438
1.80955736846772,0.331776,0.332440987217763,0.328242858886718,0.000664987217763036,0.00353314111328146
1.81269896112131,0.332929,0.333619801421331,0.32938515472412,0.000690801421331377,0.00354384527587948
1.8158405537749,0.334084,0.334797832570863,0.330532913208007,0.000713832570863104,0.00355108679199262
1.81898214642849,0.335241,0.335974973572361,0.331683006286621,0.000733973572361213,0.00355799371337923
1.82212373908208,0.3364,0.3371511289004,0.332833099365234,0.000751128900400078,0.00356690063476628
1.82526533173567,0.337561,0.338326215040235,0.333983192443847,0.000765215040235301,0.00357780755615295
1.82840692438926,0.338724,0.339500160882146,0.335139419555664,0.000776160882145827,0.00358458044433629
1.83154851704285,0.339889,0.340672908066186,0.336297309875488,0.000783908066185779,0.00359169012451216
1.83469010969644,0.341056,0.341844411275736,0.337455200195312,0.000788411275735312,0.00360079980468814
1.83783170235003,0.342225,0.343014638478433,0.338613090515136,0.000789638478433385,0.0036119094848639
1.84097329500362,0.343396,0.34418357111329,0.339777786254882,0.000787571113290308,0.00361821374511784
1.84411488765721,0.344569,0.345351204222988,0.340943473815917,0.000782204222988137,0.00362552618408268
1.8472564803108,0.345744,0.346517546530607,0.342109161376953,0.00077354653060685,0.00363483862304725
1.85039807296439,0.346921,0.347682620460229,0.343274848937987,0.000761620460228707,0.00364615106201271
1.85353966561798,0.3481,0.348846462101108,0.344448013305663,0.000746462101108125,0.00365198669433631
1.85668125827157,0.349281,0.350009121115323,0.34562149810791,0.000728121115322666,0.00365950189209047
1.85982285092516,0.350464,0.351170660589048,0.346794982910156,0.000706660589047392,0.00366901708984441
1.86296444357875,0.351649,0.352331156827836,0.34796881866455,0.000682156827835789,0.00368018133544951
1.86610603623234,0.352836,0.353490699096512,0.349150100708007,0.000654699096512057,0.00368589929199287
1.86924762888593,0.354025,0.354649389304515,0.350331382751464,0.000624389304514583,0.0036936172485359
1.87238922153952,0.355216,0.355807341637757,0.351512664794921,0.000591341637756759,0.00370333520507871
1.87553081419311,0.356409,0.356964682138291,0.352694969177245,0.000555682138290603,0.00371403082275484
1.8786724068467,0.357604,0.358121548233285,0.353884048461914,0.000517548233285592,0.00371995153808619
1.88181399950029,0.358801,0.359278088215042,0.355073127746581,0.00047708821504161,0.00372787225341875
1.88495559215388,0.36,0.360434460673965,0.356262207031249,0.000434460673964632,0.00373779296875054
1.88809718480747,0.361201,0.361590833886642,0.357452980041503,0.000389833886642099,0.00374801995849666
1.89123877746106,0.362404,0.36274738516133,0.358649856567382,0.000343385161330423,0.00375414343261748
1.89438037011465,0.363609,0.363904300143374,0.359846733093261,0.000295300143374366,0.00376226690673892
1.89752196276824,0.364816,0.365061772083231,0.36104360961914,0.000245772083231011,0.00377239038086008
1.90066355542182,0.366025,0.36622000106995,0.362242851257323,0.00019500106995024,0.00378214874267652
1.90380514807542,0.367236,0.367379193233112,0.363447525024413,0.000143193233111572,0.00378847497558676
1.906946740729,0.368449,0.368539559916359,0.364652198791503,9.05599163592563e-05,0.00379680120849657
1.91008833338259,0.369664,0.369701316825805,0.365856872558593,3.7316825805267e-05,0.00380712744140677
1.91322992603618,0.370881,0.370864683156697,0.367064582824706,1.63168433023331e-05,0.00381641717529346
1.91637151868977,0.3721,0.372029880701837,0.368277053833007,7.01192981624743e-05,0.00382294616699275
1.91951311134336,0.373321,0.373197132945333,0.369489524841308,0.000123867054666937,0.00383147515869225
1.92265470399695,0.374544,0.374366664145348,0.370701995849609,0.00017733585465135,0.00384200415039088
1.92579629665054,0.375769,0.375538698409569,0.371918174743651,0.000230301590431414,0.00385082525634856
1.92893788930413,0.376996,0.376713458767137,0.373138442993163,0.000282541232862754,0.00385755700683654
1.93207948195772,0.378225,0.37789116624088,0.374358711242675,0.00033383375912005,0.00386628875732492
1.93522107461131,0.379456,0.379072038923608,0.375578979492187,0.000383961076392214,0.0038770205078133
1.9383626672649,0.380689,0.380256291062327,0.376803627014159,0.000432708937673332,0.00388537298584068
1.94150425991849,0.381924,0.381444132154143,0.378031692504882,0.000479867845856852,0.00389230749511799
1.94464585257208,0.383161,0.382635766057632,0.379259757995605,0.000525233942368142,0.00390124200439534
1.94778744522567,0.3844,0.38383139012339,0.380487823486327,0.000568609876610171,0.00391217651367243
1.95092903787926,0.385641,0.385031194347429,0.38172093963623,0.00060980565257035,0.00392006036377013
1.95407063053285,0.386884,0.386235360550994,0.382956802368163,0.000648639449005617,0.00392719763183663
1.95721222318644,0.388129,0.387444061590284,0.384192665100097,0.000684938409715674,0.0039363348999033
1.96035381584003,0.389376,0.388657460599474,0.38542852783203,0.000718539400525409,0.00394747216796948
1.96349540849362,0.390625,0.389875710270291,0.386670112609862,0.000749289729709168,0.00395488739013777
1.96663700114721,0.391876,0.39109895217126,0.387913772583007,0.000777047828739441,0.00396222741699276
1.9697785938008,0.393129,0.392327316109629,0.389157432556152,0.000801683890370775,0.00397156744384813
1.97292018645439,0.394384,0.393560919538752,0.390401092529296,0.000823080461248626,0.00398290747070418
1.97606177910798,0.395641,0.394799867013605,0.391651145935058,0.00084113298639471,0.00398985406494196
1.97920337176157,0.3969,0.396044249696892,0.392902603149413,0.000855750303107861,0.00399739685058698
1.98234496441516,0.398161,0.39729414491798,0.394154060363769,0.000866855082019335,0.00400693963623105
1.98548655706875,0.399424,0.398549615786761,0.395405517578124,0.000874384213238821,0.00401848242187608
1.98862814972234,0.400689,0.399810710864253,0.396664039611815,0.000878289135747334,0.00402496038818489
1.99176974237593,0.401956,0.401077463891581,0.397923294067382,0.000878536108419148,0.00403270593261801
1.99491133502952,0.403225,0.402349893578721,0.399182548522949,0.000875106421278748,0.00404245147705157
1.99805292768311,0.404496,0.403628003454158,0.400441802978515,0.000867996545841854,0.00405419702148502
2.0011945203367,0.405769,0.404911781776369,0.401708793640136,0.00085721822363094,0.00406020635986382
2.00433611299029,0.407044,0.406201201507792,0.402975845336913,0.000842798492207975,0.00406815466308696
2.00747770564388,0.408321,0.40749622035169,0.40424289703369,0.000824779648310237,0.00407810296630984
2.01061929829747,0.4096,0.40879678085206,0.40551055908203,0.000803219147940182,0.00408944091797009
2.01376089095106,0.410881,0.410102810556487,0.406785408020019,0.000778189443512878,0.00409559197998149
2.01690248360465,0.412164,0.41141422224158,0.408060256958007,0.00074977775841939,0.00410374304199335
2.02004407625824,0.413449,0.412730914200371,0.409335105895995,0.000718085799628621,0.00411389410400465
2.02318566891183,0.414736,0.414052770590802,0.410611236572265,0.000683229409198127,0.00412476342773538
2.02632726156542,0.416025,0.415379661844173,0.411893882751464,0.000645338155826292,0.00413111724853571
2.02946885421901,0.417316,0.416711445132177,0.413176528930663,0.000604554867822571,0.00413947106933704
2.0326104468726,0.418609,0.418047964890878,0.414459175109862,0.000561035109122032,0.00414982489013843
2.03575203952619,0.419904,0.419389053399792,0.415743774414061,0.000514946600207622,0.00416022558593881
2.03889363217978,0.421201,0.420734531413957,0.417034217834471,0.000466468586043267,0.00416678216552863
2.04203522483337,0.4225,0.422084208846659,0.418324661254882,0.000415791153341338,0.00417533874511833
2.04517681748696,0.423801,0.423437885500291,0.419615104675292,0.00036311449970905,0.0041858953247077
2.04831841014055,0.425104,0.42479535184257,0.420908172607421,0.000308648157430369,0.0041958273925794
2.05146000279413,0.426409,0.426156389825165,0.422206413269042,0.000252610174834356,0.00420258673095791
2.05460159544772,0.427716,0.42752077374161,0.423504653930663,0.00019522625839008,0.00421134606933737
2.05774318810131,0.429025,0.428888271121154,0.424802894592284,0.000136728878846193,0.00422210540771617
2.0608847807549,0.430336,0.430258643655105,0.426104431152342,7.73563448949188e-05,0.00423156884765769
2.06402637340849,0.431649,0.43163164815201,0.427410469055174,1.73518479900658e-05,0.0042385309448254
2.06716796606208,0.432964,0.433007037517911,0.428716506958007,4.3037517911293e-05,0.00424749304199362
2.07030955871567,0.434281,0.434384561757803,0.430022544860839,0.000103561757803405,0.00425845513916112
2.07345115136926,0.4356,0.435763968994277,0.431332550048827,0.000163968994276786,0.00426744995117279
2.07659274402285,0.436921,0.43714500649928,0.43264638519287,0.000224006499279839,0.00427461480713026
2.07973433667644,0.438244,0.438527421734831,0.433960220336913,0.000283421734831479,0.00428377966308724
2.08287592933003,0.439569,0.439910963398467,0.435274055480955,0.000341963398467371,0.00429494451904466
2.08601752198362,0.440896,0.441295382469166,0.436592529296873,0.000399382469165765,0.00430347070312703
2.08915911463721,0.442225,0.442680433249465,0.437914161682128,0.000455433249465176,0.00431083831787216
2.0923007072908,0.443556,0.444065874399489,0.439235794067382,0.000509874399489074,0.00432020593261867
2.09544229994439,0.444889,0.445451469958594,0.440557426452636,0.000562469958594325,0.00433157354736385
2.09858389259798,0.446224,0.446836990350397,0.441884368896483,0.000612990350397191,0.00433963110351659
2.10172548525157,0.447561,0.448222213366969,0.443213798522948,0.000661213366968283,0.00434720147705198
2.10486707790516,0.4489,0.449606925128054,0.444543228149413,0.00070692512805437,0.0043567718505868
2.10800867055875,0.450241,0.450990921011266,0.445872657775878,0.000749921011266252,0.00436834222412258
2.11115026321234,0.451584,0.452374006549262,0.447208068847655,0.00079000654926209,0.00437593115234525
2.11429185586593,0.452929,0.453755998290079,0.448545295715331,0.000826998290078929,0.00438370428466905
2.11743344851952,0.454276,0.455136724616885,0.449882522583007,0.000860724616884634,0.00439347741699325
2.12057504117311,0.455625,0.456516026523573,0.451219749450683,0.000891026523572758,0.00440525054931751
2.1237166338267,0.456976,0.457893758342786,0.452563629150389,0.000917758342785846,0.00441237084961077
2.12685822648029,0.458329,0.459269788423121,0.453908653259276,0.000940788423121064,0.00442034674072395
2.12999981913388,0.459684,0.460643999752467,0.455253677368163,0.000959999752467355,0.00443032263183735
2.13314141178747,0.461041,0.462016290524624,0.45659870147705,0.000975290524624084,0.00444229852295031
2.13628300444106,0.4624,0.463386574646565,0.457951049804686,0.000986574646564875,0.00444895019531388
2.13942459709465,0.463761,0.46475478218394,0.459303871154784,0.000993782183940528,0.00445712884521582
2.14256618974824,0.465124,0.466120859742652,0.460656692504882,0.000996859742651679,0.00446730749511842
2.14570778240183,0.466489,0.467484770784567,0.462009712219237,0.000995770784566474,0.00447928778076295
2.14884937505542,0.467856,0.468846495875726,0.463370330810546,0.000990495875726416,0.00448566918945409
2.15199096770901,0.469225,0.470206032865633,0.464730949401854,0.000981032865632614,0.00449405059814567
2.1551325603626,0.470596,0.471563396996498,0.466091567993162,0.000967396996497727,0.00450443200683748
2.15827415301619,0.471969,0.472918620941606,0.467453056335448,0.000949620941606166,0.00451594366455221
2.16141574566978,0.473344,0.474271754772225,0.468821472167967,0.000927754772224454,0.00452252783203305
2.16455733832337,0.474721,0.475622865852787,0.470189888000487,0.000901865852787009,0.00453111199951278
2.16769893097696,0.4761,0.476972038664368,0.471558303833006,0.000872038664368469,0.00454169616699379
2.17084052363055,0.477481,0.478319374556747,0.472928260803221,0.000838374556746901,0.00455273919677873
2.17398211628414,0.478864,0.479664991429665,0.474304473876952,0.00080099142966511,0.00455952612304839
2.17712370893773,0.480249,0.481009023344165,0.475680686950682,0.000760023344165195,0.00456831304931782
2.18026530159132,0.481636,0.48235162006519,0.477056900024412,0.000715620065189548,0.00457909997558792
2.18340689424491,0.483025,0.483692946536903,0.478435325622557,0.000667946536902553,0.00458967437744334
2.1865484868985,0.484416,0.485033182292486,0.479819335937498,0.000617182292485918,0.00459666406250175
2.18969007955209,0.485809,0.48637252080043,0.48120334625244,0.000563520800429762,0.00460565374756022
2.19283167220568,0.487204,0.487711168749611,0.482587356567382,0.000507168749610931,0.00461664343261825
2.19597326485927,0.488601,0.489049345275716,0.483974250793456,0.000448345275715745,0.00462674920654399
2.19911485751286,0.49,0.490387281131815,0.485366058349608,0.000387281131815465,0.00463394165039221
2.20225645016644,0.491401,0.491725217806148,0.48675786590576,0.000324217806148053,0.00464313409423966
2.20539804282004,0.492804,0.493063406590387,0.488149673461912,0.000259406590387257,0.00465432653808801
2.20853963547362,0.494209,0.494402107601908,0.489545036315916,0.000193107601908216,0.00466396368408339
2.21168122812721,0.495616,0.495741588763759,0.49094464111328,0.000125588763759177,0.00467135888672038
2.2148228207808,0.497025,0.49708212474625,0.492344245910643,5.71247462500257e-05,0.00468075408935753
2.21796441343439,0.498436,0.49842399587424,0.493743850708006,1.20041257598569e-05,0.00469214929199374
2.22110600608798,0.499849,0.499767487004377,0.49514768218994,8.15129956230898e-05,0.00470131781006028
2.22424759874157,0.501264,0.501112886376684,0.496555084228514,0.00015111362331599,0.00470891577148624
2.22738919139516,0.502681,0.502460484445025,0.497962486267088,0.000220515554975043,0.00471851373291188
2.23053078404875,0.5041,0.503810572691088,0.499369888305662,0.000289427308912238,0.00473011169433807
2.23367237670234,0.505521,0.505163442426622,0.500782188415525,0.000357557573377298,0.00473881158447431
2.23681396935593,0.506944,0.506519383588754,0.502197387695311,0.000424616411246137,0.00474661230468931
2.23995556200952,0.508369,0.507878683533227,0.503612586975096,0.000490316466773333,0.00475641302490348
2.24309715466311,0.509796,0.509241625830512,0.505027786254881,0.000554374169487892,0.00476821374511849
2.2462387473167,0.511225,0.510608489069687,0.506448554992674,0.000616510930312342,0.00477644500732533
2.24938033997029,0.512656,0.51197954567503,0.50787155151367,0.000676454324970099,0.00478444848632986
2.25252193262388,0.514089,0.513355060740221,0.509294548034666,0.000733939259778604,0.00479445196533335
2.25566352527747,0.515524,0.51473529088504,0.510717544555662,0.000788709114959874,0.00480645544433789
2.25880511793106,0.516961,0.516120483139346,0.512146781921385,0.000840516860654117,0.0048142180786156
2.26194671058465,0.5184,0.517510873859072,0.513577575683592,0.000889126140927954,0.004822424316408
2.26508830323824,0.519841,0.518906687678872,0.515008369445799,0.000934312321128172,0.00483263055420069
2.26822989589183,0.521284,0.520308136505908,0.516439163208006,0.000975863494091955,0.00484483679199321
2.27137148854542,0.522729,0.52171541855917,0.517876869201659,0.00101358144082986,0.00485213079834124
2.27451308119901,0.524176,0.523128717458527,0.519315460205076,0.00104728254147313,0.00486053979492407
2.2776546738526,0.525625,0.524548201367549,0.520754051208494,0.0010767986324508,0.00487094879150574
2.28079626650619,0.527076,0.525974022193966,0.522192642211912,0.00110197780603383,0.00488335778808857
2.28393785915978,0.528529,0.527406314851379,0.523638816833494,0.00112268514862091,0.0048901831665058
2.28707945181337,0.529984,0.528845196585662,0.525085205078123,0.00113880341433825,0.0048987949218765
2.29022104446696,0.531441,0.530290766369213,0.526531593322753,0.00115023363078637,0.00490940667724726
2.29336263712055,0.5329,0.531743104366002,0.527978439331054,0.00115689563399857,0.00492156066894656
2.29650422977414,0.534361,0.533202271470033,0.529432624816893,0.00115872852996712,0.00492837518310685
2.29964582242773,0.535824,0.534668308919653,0.530886810302733,0.00115569108034685,0.00493718969726731
2.30278741508132,0.537289,0.536141237989736,0.532340995788572,0.00114776201026401,0.0049480042114276
2.30592900773491,0.538756,0.537621059763572,0.533796310424802,0.00113494023642779,0.00495968957519766
2.3090706003885,0.540225,0.539107754985916,0.535258293151853,0.00111724501408372,0.00496670684814671
2.31221219304209,0.541696,0.540601283998358,0.536720275878904,0.00109471600164224,0.00497572412109559
2.31535378569568,0.543169,0.542101586757851,0.538182258605956,0.00106741324214876,0.00498674139404409
2.31849537834927,0.544644,0.543608582938901,0.539646041870116,0.00103541706109922,0.00499795812988457
2.32163697100286,0.546121,0.545122172119576,0.541115821838377,0.00099882788042327,0.00500517816162249
2.32477856365645,0.5476,0.54664223405119,0.542585601806639,0.000957765948809919,0.00501439819336158
2.32792015631004,0.549081,0.548168629011121,0.5440553817749,0.000912370988879418,0.00502561822510039
2.33106174896363,0.550564,0.549701198237953,0.54552763366699,0.000862801762046783,0.00503636633301019
2.33420334161722,0.552049,0.551239764447734,0.547005210876463,0.000809235552266308,0.00504378912353753
2.33734493427081,0.553536,0.552784132429832,0.548482788085936,0.00075186757016743,0.00505321191406405
2.3404865269244,0.555025,0.554334089720559,0.549960365295409,0.000690910279441459,0.00506463470459118
2.34362811957799,0.556516,0.555889407352351,0.551441085815429,0.000626592647649193,0.0050749141845714
2.34676971223158,0.558009,0.557449840676046,0.552926460266112,0.000559159323953451,0.00508253973388795
2.34991130488517,0.559504,0.559015130253419,0.554411834716795,0.0004888697465808,0.00509216528320555
2.35305289753876,0.561001,0.560585002816878,0.555897209167478,0.000415997183122574,0.00510379083252199
2.35619449019234,0.5625,0.562159172292909,0.557386398315427,0.000340827707091318,0.00511360168457287
2.35933608284593,0.564001,0.563737340885598,0.558879570007322,0.000263659114401849,0.00512142999267817
2.36247767549952,0.565504,0.565319200216253,0.560372741699217,0.000184799783747081,0.00513125830078354
2.36561926815311,0.567009,0.566904432514936,0.561865913391111,0.000104567485064155,0.00514308660888874
2.3687608608067,0.568516,0.56849271185945,0.56336357116699,2.32881405497487e-05,0.00515242883300993
2.37190245346029,0.570025,0.570083705457115,0.564864540100095,5.87054571146162e-05,0.00516045989990477
2.37504404611388,0.571536,0.571677074964445,0.566365509033201,0.00014107496444471,0.00517049096679911
2.37818563876747,0.573049,0.573272477839677,0.567866477966306,0.000223477839676356,0.0051825220336944
2.38132723142106,0.574564,0.5748695687229,0.569372604370114,0.000305568722900551,0.00519139562988524
2.38446882407465,0.576081,0.576468000838421,0.570881370544431,0.000387000838421359,0.00519962945556884
2.38761041672824,0.5776,0.578067427413826,0.572390136718748,0.000467427413825661,0.00520986328125217
2.39075200938183,0.579121,0.579667503110146,0.573898902893065,0.00054650311014659,0.00522209710693511
2.39389360203542,0.580644,0.581267885457405,0.575413497924803,0.000623885457404771,0.00523050207519704
2.39703519468901,0.582169,0.582868236289764,0.57693006134033,0.000699236289763983,0.0052389386596704
2.4001767873426,0.583696,0.584468223174482,0.578446624755857,0.000772223174482112,0.00524937524414304
2.40331837999619,0.585225,0.586067520828825,0.579963188171384,0.000842520828825188,0.00526181182861607
2.40645997264978,0.586756,0.587665812519115,0.581486251831052,0.000909812519114817,0.00526974816894765
2.40960156530337,0.588289,0.589262791436109,0.58301061248779,0.00097379143610854,0.00527838751220988
2.41274315795696,0.589824,0.590858162040963,0.584534973144529,0.00103416204096296,0.00528902685547106
2.41588475061055,0.591361,0.592451641376094,0.586059333801267,0.00109064137609372,0.00530166619873262
2.41902634326414,0.5929,0.594042960335363,0.587590866088865,0.00114296033536343,0.00530913391113486
2.42216793591773,0.594441,0.595631864888125,0.589123023986814,0.00119086488812437,0.00531797601318651
2.42530952857132,0.595984,0.597218117251807,0.590655181884763,0.00123411725180733,0.00532881811523744
2.42845112122491,0.597529,0.598801497007891,0.592187385559079,0.00127249700789145,0.00534161444092141
2.4315927138785,0.599076,0.600381802156297,0.593727340698239,0.00130580215629705,0.00534865930176087
2.43473430653209,0.600625,0.60195885010343,0.5952672958374,0.00133385010343023,0.00535770416259995
2.43787589918568,0.602176,0.603532478579353,0.596807250976561,0.0013564785793525,0.00536874902343931
2.44101749183927,0.603729,0.605102546479782,0.598347923278807,0.00137354647978249,0.00538107672119292
2.44415908449286,0.605284,0.60666893462892,0.599895675659178,0.00138493462891975,0.00538832434082226
2.44730067714645,0.606841,0.60823154645934,0.601443428039548,0.00139054645933989,0.00539757196045187
2.45044226980004,0.6084,0.609790308605539,0.602991180419919,0.00139030860553946,0.00540881958008044
2.45358386245363,0.609961,0.611345171408004,0.604540321350095,0.0013841714080044,0.00542067864990536
2.45672545510722,0.611524,0.612896109325018,0.606095870971677,0.00137210932501852,0.00542812902832313
2.45986704776081,0.613089,0.61444312124977,0.607651420593259,0.00135412124977019,0.00543757940674083
2.4630086404144,0.614656,0.615986230730676,0.609206970214841,0.00133023073067629,0.00544902978515871
2.46615023306799,0.616225,0.617525486093204,0.610764579772947,0.0013004860932041,0.00546042022705318
2.46929182572158,0.617796,0.619060960461862,0.61232792663574,0.00126496046186186,0.00546807336426014
2.47243341837517,0.619369,0.620592751681401,0.613891273498532,0.00122375168140132,0.00547772650146783
2.47557501102876,0.620944,0.622120982136683,0.615454620361325,0.00117698213668305,0.0054893796386748
2.47871660368235,0.622521,0.623645798471041,0.61702069854736,0.00112479847104097,0.00550030145263958
2.48185819633594,0.6241,0.625167371203399,0.618591842651365,0.00106737120339928,0.00550815734863552
2.48499978898953,0.625681,0.626685894244783,0.620162986755369,0.00100489424478289,0.00551801324463153
2.48814138164312,0.627264,0.628201584315285,0.621734130859373,0.000937584315285567,0.00552986914062681
2.49128297429671,0.628849,0.62971468026295,0.623308677673338,0.000865680262950086,0.00554032232666235
2.4944245669503,0.630436,0.63122544228643,0.624887619018553,0.000789442286430408,0.00554838098144694
2.49756615960389,0.632025,0.632734151063685,0.626466560363767,0.000709151063685409,0.00555843963623304
2.50070775225748,0.633616,0.634241106789371,0.628045501708981,0.000625106789370666,0.00557049829101885
2.50384934491106,0.635209,0.63574662812396,0.629628517150876,0.000537628123959966,0.00558048284912405
2.50699093756466,0.636804,0.637251051058008,0.631215255737302,0.000447051058008019,0.00558874426269795
2.51013253021824,0.638401,0.638754727695347,0.632801994323728,0.000353727695347805,0.00559900567627136
2.51327412287183,0.64,0.640258024959348,0.634388732910155,0.000258024959347569,0.00561126708984527
2.51641571552542,0.641601,0.641761323226711,0.635980216979978,0.000160323226710668,0.00562078302002156
2.51955730817901,0.643204,0.643265014893621,0.637574752807615,6.10148936209809e-05,0.005629247192385
2.5226989008326,0.644809,0.644769502879347,0.639169288635251,3.9497120652987e-05,0.00563971136474928
2.52584049348619,0.646416,0.646275199072718,0.640763824462887,0.00014080092728197,0.00565217553711272
2.52898208613978,0.648025,0.647782522727144,0.642363777160641,0.000242477272856201,0.00566122283935866
2.53212367879337,0.649636,0.649291898810129,0.64396611022949,0.00034410118987116,0.00566988977051031
2.53526527144696,0.651249,0.650803756313437,0.645568443298338,0.000445243686563623,0.00568055670166256
2.53840686410055,0.652864,0.652318526530299,0.647170776367186,0.000545473469701241,0.00569322363281399
2.54154845675414,0.654481,0.653836641306231,0.648779197692869,0.000644358693768665,0.00570180230713058
2.54469004940773,0.6561,0.655358531270197,0.650389328002928,0.000741468729802519,0.00571067199707209
2.54783164206132,0.657721,0.656884624052987,0.651999458312985,0.000836375947013246,0.00572154168701444
2.55097323471491,0.659344,0.658415342499806,0.653609588623044,0.000928657500194219,0.00573441137695641
2.5541148273685,0.660969,0.659951102884151,0.655226478576657,0.00101789711584821,0.00574252142334253
2.55725642002209,0.662596,0.66149231313011,0.656844406127927,0.00110368686989026,0.0057515938720728
2.56039801267568,0.664225,0.663039371050244,0.658462333679196,0.0011856289497566,0.0057626663208038
2.56353960532927,0.665856,0.664592662606261,0.660080261230466,0.00126333739373863,0.0057757387695333
2.56668119798286,0.667489,0.66615256019961,0.661705619812009,0.00133643980038989,0.00578338018799118
2.56982279063645,0.669124,0.667719420999109,0.663331344604489,0.00140457900089064,0.00579265539551088
2.57296438329004,0.670761,0.669293585312654,0.664957069396969,0.00146741468734579,0.00580393060303097
2.57610597594363,0.6724,0.670875375009913,0.66658309936523,0.00152462499008754,0.00581690063477003
2.57924756859722,0.674041,0.672465092002811,0.668216621398922,0.00157590799718887,0.00582437860107765
2.58238916125081,0.675684,0.674063016790437,0.669850143432614,0.00162098320956283,0.00583385656738578
2.5855307539044,0.677329,0.675669407074816,0.671483665466306,0.00165959292518392,0.00584533453369374
2.58867234655799,0.678976,0.677284496453774,0.673118164062498,0.00169150354622571,0.00585783593750155
2.59181393921158,0.680625,0.678908493196899,0.6747594833374,0.00171650680310098,0.00586551666259993
2.59495553186517,0.682276,0.680541579110308,0.676400802612302,0.001734420889692,0.00587519738769837
2.59809712451876,0.683929,0.682183908495676,0.678042121887203,0.00174509150432445,0.00588687811279665
2.60123871717235,0.685584,0.68383560720863,0.679685089111324,0.00174839279136974,0.00589891088867545
2.60438030982594,0.687241,0.685496771821318,0.681334205627438,0.00174422817868236,0.00590679437256225
2.60752190247953,0.6889,0.687167468893557,0.682983322143552,0.00173253110644234,0.00591667785644812
2.61066349513312,0.690561,0.688847734356647,0.684632438659665,0.00171326564335295,0.00592856134033493
2.61380508778671,0.692224,0.690537573013467,0.686283874511716,0.00168642698653299,0.00594012548828349
2.6169466804403,0.693889,0.692236958158132,0.68794078826904,0.00165204184186774,0.00594821173095983
2.62008827309389,0.695556,0.693945831318003,0.689597702026364,0.00161016868199759,0.00595829797363634
2.62322986574748,0.697225,0.69566410212041,0.691254615783687,0.00156089787958946,0.00597038421631257
2.62637145840107,0.698896,0.697391648286024,0.692914520263668,0.00150435171397645,0.00598147973633223
2.62951305105466,0.700569,0.699128315750266,0.694579231262203,0.00144068424973443,0.00598976873779655
2.63265464370825,0.702244,0.700873918913769,0.69624394226074,0.00137008108623071,0.00600005773926027
2.63579623636184,0.703921,0.70262824102231,0.697908653259275,0.00129275897769021,0.00601234674072515
2.63893782901543,0.7056,0.704391034676207,0.699577026367186,0.001208965323793,0.00602297363281445
2.64207942166902,0.707281,0.706162022468662,0.701249534606931,0.00111897753133838,0.00603146539306909
2.64522101432261,0.708964,0.707940897751995,0.702922042846677,0.00102310224800506,0.00604195715332301
2.6483626069762,0.710649,0.709727325530265,0.704594551086422,0.000921674469734346,0.00605444891357743
2.65150419962979,0.712336,0.71152094347622,0.706271392822262,0.000815056523780222,0.00606460717773827
2.65464579228338,0.714025,0.713321363070044,0.707951698303219,0.000703636929956453,0.00607330169678078
2.65778738493696,0.715716,0.71512817085689,0.709632003784177,0.000587829143109508,0.0060839962158229
2.66092897759055,0.717409,0.716940929819651,0.711312309265134,0.000468070180349001,0.00609669073486552
2.66407057024414,0.719104,0.718759180862986,0.712997619628904,0.00034481913701423,0.00610638037109634
2.66721216289773,0.720801,0.720582444404131,0.714685722351071,0.000218555595868253,0.00611527764892872
2.67035375555132,0.7225,0.72241022206557,0.716373825073239,8.97779344298799e-05,0.00612617492676126
2.67349534820491,0.724201,0.724241998464178,0.718061927795406,4.09984641781547e-05,0.00613907220459431
2.6766369408585,0.725904,0.726077243091066,0.719755706787106,0.000173243091066033,0.0061482932128939
2.67977853351209,0.727609,0.727915412275896,0.721451606750485,0.000306412275896006,0.00615739324951492
2.68292012616568,0.729316,0.729755951229072,0.723147506713865,0.000439951229072699,0.00616849328613489
2.68606171881927,0.731025,0.731598296154846,0.724843406677244,0.00057329615484647,0.00618159332275581
2.68920331147286,0.732736,0.733441876427998,0.726545654296873,0.00070587642799802,0.00619034570312726
2.69234490412645,0.734449,0.735286116826465,0.728249351501462,0.000837116826465811,0.0061996484985376
2.69548649678004,0.736164,0.737130439811976,0.729953048706052,0.000966439811975528,0.00621095129394844
2.69862808943363,0.737881,0.738974267850449,0.731656745910641,0.00109326785044872,0.00622425408935945
2.70176968208722,0.7396,0.740817025763728,0.7333674621582,0.00121702576372817,0.00623253784180011
2.70491127474081,0.741321,0.742658143103952,0.735078956604001,0.00133714310395205,0.00624204339599899
2.7080528673944,0.743044,0.744497056541693,0.736790451049802,0.00145305654169237,0.00625354895019792
2.71119446004799,0.744769,0.746333212258859,0.738501945495603,0.00156421225885894,0.00626705450439702
2.71433605270158,0.746496,0.748166068337204,0.740221130371091,0.00167006833720451,0.00627486962890889
2.71747764535517,0.748225,0.749995097133206,0.741940422058102,0.00177009713320653,0.00628457794189774
2.72061923800876,0.749956,0.751819787630022,0.743659713745113,0.00186378763002182,0.00629628625488632
2.72376083066235,0.751689,0.7536396477572,0.74537957000732,0.00195064775720011,0.00630942999268025
2.72690242331594,0.753424,0.755454206668836,0.747106658935543,0.00203020666883591,0.00631734106445703
2.73004401596953,0.755161,0.757263016970899,0.748833747863766,0.00210201697089951,0.00632725213623364
2.73318560862312,0.7569,0.75906565688854,0.75056083679199,0.00216565688853954,0.00633916320801031
2.73632720127671,0.758641,0.760861732364293,0.752289161682127,0.00222073236429321,0.00635183831787256
2.7394687939303,0.760384,0.762650879078252,0.75402404785156,0.0022668790782524,0.00635995214843965
2.74261038658389,0.762129,0.764432764381437,0.755758934020993,0.00230376438143698,0.00637006597900702
2.74575197923748,0.763876,0.766207089133829,0.757493820190426,0.00233108913382929,0.00638217980957378
2.74889357189107,0.765625,0.767973589438773,0.759230613708492,0.00234858943877292,0.00639438629150824
2.75203516454466,0.767376,0.769732038265712,0.760973297119137,0.00235603826571229,0.00640270288086286
2.75517675719825,0.769129,0.771482246953568,0.762715980529782,0.0023532469535682,0.00641301947021811
2.75831834985184,0.770884,0.773224066587374,0.764458663940426,0.00234006658737396,0.00642533605957385
2.76145994250543,0.772641,0.774957389241186,0.766203926086422,0.00231638924118638,0.0064370739135774
2.76460153515902,0.7744,0.776682149080654,0.767954406738277,0.00228214908065372,0.00644559326172289
2.76774312781261,0.776161,0.778398323319096,0.769704887390132,0.00223732331909599,0.00645611260986767
2.7708847204662,0.777924,0.780105933021353,0.771455368041987,0.00218193302135261,0.00646863195801284
2.77402631311979,0.779689,0.781805043750182,0.773209098815913,0.00211604375018226,0.00647990118408703
2.77716790577338,0.781456,0.783495766050463,0.77496737670898,0.00203976605046297,0.00648862329102029
2.78030949842697,0.783225,0.785178255766991,0.776725654602048,0.0019532557669909,0.00649934539795205
2.78345109108056,0.784996,0.786852714192199,0.778483932495115,0.00185671419219935,0.00651206750488531
2.78659268373415,0.786769,0.788519388040701,0.780246131896971,0.0017503880407006,0.00652286810302938
2.78973427638774,0.788544,0.790178569248116,0.782012207031247,0.00163456924811634,0.00653179296875317
2.79287586904133,0.790321,0.791830594592271,0.783778282165524,0.00150959459227051,0.00654271783447669
2.79601746169492,0.7921,0.79347584513541,0.7855443572998,0.00137584513541,0.00655564270019959
2.79915905434851,0.793881,0.795114745486744,0.787315025329586,0.00123374548674426,0.00656597467041442
2.8023006470021,0.795664,0.796747762885224,0.789088897705074,0.00108376288522338,0.00657510229492653
2.80544223965568,0.797449,0.798375406103095,0.790862770080563,0.000926406103094801,0.00658622991943669
2.80858383230928,0.799236,0.79999822417142,0.792636642456052,0.000762224171419912,0.00659935754394836
2.81172542496286,0.801025,0.801616804929376,0.794415779113766,0.000591804929376494,0.0066092208862335
2.81486701761645,0.802816,0.803231773399797,0.796197448730465,0.00041577339979737,0.00661855126953503
2.81800861027004,0.804609,0.80484378999404,0.797979118347163,0.000234789994039919,0.00662988165283651
2.82115020292363,0.806404,0.806453548549908,0.799760787963862,4.95485499084625e-05,0.00664321203613805
2.82429179557722,0.808201,0.808061774206973,0.801548393249507,0.00013922579302672,0.00665260675049306
2.82743338823081,0.81,0.809669221124249,0.803337860107418,0.000330778875750504,0.00666213989258202
2.8305749808844,0.811801,0.81127667004579,0.805127326965329,0.000524329954210256,0.0066736730346707
2.83371657353799,0.813604,0.81288492572035,0.80691679382324,0.000719074279649679,0.00668720617676
2.83685816619158,0.815409,0.81449481418185,0.808712867736814,0.000914185818149948,0.00669613226318633
2.83999975884517,0.817216,0.816107179897898,0.810510131835934,0.00110882010210211,0.00670586816406604
2.84314135149876,0.819025,0.817722882794214,0.812307395935054,0.00130211720578621,0.00671760406494548
2.84628294415235,0.820836,0.819342795163256,0.814104660034175,0.00149320483674398,0.00673133996582564
2.84942453680594,0.822649,0.820967798465887,0.815909202575679,0.00168120153411255,0.00673979742432074
2.85256612945953,0.824464,0.822598780035349,0.817714263916011,0.00186521996465139,0.00674973608398877
2.85570772211312,0.826280999999999,0.824236629693264,0.819519325256344,0.00204437030673521,0.00676167474365508
2.85884931476671,0.8281,0.825882236287801,0.821324539184567,0.00221776371219884,0.00677546081543234
2.8619909074203,0.829921,0.827536484164476,0.82313739776611,0.00238451583552413,0.0067836022338903
2.86513250007389,0.831744,0.829200249580466,0.824950256347652,0.00254375041953414,0.00679374365234808
2.86827409272748,0.833569,0.830874397073563,0.826763114929194,0.0026946029264372,0.00680588507080582
2.87141568538107,0.835396,0.832559775797205,0.828576797485346,0.00283622420279472,0.00681920251465407
2.87455727803466,0.837225,0.834257215833253,0.830397453308101,0.00296778416674703,0.00682754669189878
2.87769887068825,0.839056,0.835967524494374,0.832218109130855,0.00308847550562641,0.00683789086914488
2.88084046334184,0.840889,0.837691482628061,0.834038764953611,0.00319751737193874,0.00685023504638949
2.88398205599543,0.842724,0.839429840934454,0.835860916137693,0.00329415906554609,0.00686308386230672
2.88712364864902,0.844561,0.841183316310174,0.837689369201658,0.00337768368982616,0.00687163079834219
2.89026524130261,0.8464,0.842952588230478,0.839517822265622,0.00344741176952179,0.00688217773437805
2.8934068339562,0.848241,0.844738295181998,0.841346275329586,0.00350270481800175,0.00689472467041408
2.89654842660979,0.850084,0.846541031158311,0.843176895141597,0.00354296884168859,0.00690710485840329
2.89969001926338,0.851929,0.848361342230512,0.845013145446773,0.00356765776948764,0.00691585455322652
2.90283161191697,0.853776,0.850199723204821,0.84684939575195,0.00357627679517913,0.00692660424805025
2.90597320457056,0.855625,0.852056614379112,0.848685646057126,0.00356838562088868,0.00693935394287404
2.90911479722415,0.857476,0.853932398410041,0.850524734497067,0.00354360158995837,0.00695126550293246
2.91225638987774,0.859329,0.855827397302205,0.852368782043453,0.00350160269779443,0.00696021795654655
2.91539798253133,0.861184,0.85774186953048,0.854212829589839,0.00344213046952058,0.00697117041016104
2.91853957518492,0.863041,0.85967600730637,0.856056877136226,0.00336499269362955,0.00698412286377414
2.92168116783851,0.8649,0.86162993399885,0.857904434204097,0.00327006600114976,0.00699556579590355
2.9248227604921,0.866761,0.863603701719736,0.859756278991695,0.0031572982802639,0.00700472100830496
2.92796435314569,0.868624,0.865597289083261,0.861608123779294,0.00302671091673878,0.00701587622070632
2.93110594579928,0.870489,0.867610599149001,0.863459968566892,0.00287840085099889,0.00702903143310751
2.93424753845287,0.872356,0.86964345755682,0.865315994262693,0.0027125424431792,0.00704000573730656
2.93738913110646,0.874225,0.871695610861975,0.867175636291501,0.00252938913802525,0.00704936370849896
2.94053072376005,0.876096,0.87376672507793,0.869035278320309,0.00232927492207036,0.00706072167969152
2.94367231641364,0.877969,0.875856384433876,0.870894920349117,0.0021126155661243,0.00707407965088336
2.94681390906723,0.879844,0.87796409035329,0.872759414672847,0.00187990964670981,0.00708458532715306
2.94995550172082,0.881721,0.880089260659252,0.874626853942867,0.00163173934074812,0.00709414605713321
2.95309709437441,0.8836,0.882231229011548,0.876494293212886,0.00136877098845245,0.00710570678711375
2.956238687028,0.885481,0.884389244579925,0.878361732482906,0.00109175542007534,0.00711926751709357
2.95938027968159,0.887364,0.886562471957131,0.880234695434566,0.000801528042869704,0.00712930456543426
2.96252187233517,0.889249,0.888749991314647,0.882109931945796,0.000499008685352575,0.0071390680542035
2.96566346498876,0.891136,0.890950798803323,0.883985168457026,0.000185201196677198,0.00715083154297447
2.96880505764235,0.893025,0.893163807200297,0.885860404968255,0.000138807200297797,0.00716459503174416
2.97194665029594,0.894916,0.89538784680293,0.887741836547846,0.000471846802930109,0.00717416345215405
2.97508824294953,0.896809,0.89762166656959,0.889624870300288,0.000812666569589338,0.00718412969971194
2.97822983560312,0.898704,0.899863935506483,0.891507904052731,0.00115993550648374,0.007196095947269
2.98137142825671,0.900601,0.902113244298855,0.893390937805173,0.00151224429885455,0.00721006219482656
2.9845130209103,0.9025,0.904368107184144,0.895280838012692,0.00186810718414376,0.0072191619873081
2.98765461356389,0.904401,0.906626964063945,0.897171669006344,0.00222596406394526,0.00722933099365608
2.99079620621748,0.906304,0.908888182850806,0.899062499999995,0.00258418285080575,0.00724150000000512
2.99393779887107,0.908209,0.91115006204517,0.900953330993647,0.00294106204516975,0.0072556690063531
2.99707939152466,0.910116,0.913410833537036,0.902851699829097,0.00329483353703586,0.00726430017090363
3.00022098417825,0.912025,0.915668665626154,0.90475032806396,0.00364366562615404,0.00727467193603959
3.00336257683184,0.913936,0.917921666253872,0.906648956298824,0.00398566625387231,0.00728704370117583
3.00650416948543,0.915849,0.920167886439067,0.908547996520993,0.00431888643906697,0.00730100347900708
3.00964576213902,0.917764,0.922405323909888,0.910454421997066,0.00464132390988803,0.0073095780029343
3.01278735479261,0.919681,0.924631926922422,0.91236084747314,0.00495092692242227,0.00732015252686025
3.0159289474462,0.9216,0.926845598256733,0.914267272949213,0.00524559825673276,0.00733272705078714
3.01907054009979,0.923521,0.929044199380147,0.91617478179931,0.00552319938014678,0.00734621820069026
3.02221213275338,0.925444,0.931225554767082,0.918089004516596,0.00578155476708198,0.00735499548340324
3.02535372540697,0.927369,0.933387456364172,0.920003227233883,0.00601845636417153,0.00736577276611738
3.02849531806056,0.929296,0.935527668188935,0.921917449951169,0.00623166818893428,0.00737855004883192
3.03163691071415,0.931225,0.937643931049771,0.923833427429197,0.00641893104977076,0.00739157257080303
3.03477850336774,0.933156,0.939733967374631,0.925755447387692,0.00657796737463068,0.00740055261230843
3.03792009602133,0.935089,0.941795486135297,0.927677467346187,0.00670648613529701,0.00741153265381223
3.04106168867492,0.937024,0.943826187853881,0.929599487304682,0.00680218785388143,0.00742451269531752
3.04420328132851,0.938961,0.945823769677803,0.931523933410639,0.0068627696778033,0.00743706658936094
3.0473448739821,0.9409,0.947785930509259,0.933453750610347,0.00688593050925912,0.0074462493896531
3.05048646663569,0.942841,0.949710376174947,0.935383567810055,0.00686937617494676,0.00745743218994543
3.05362805928928,0.944784,0.951594824621635,0.937313385009762,0.00681082462163529,0.00747061499023782
3.05676965194287,0.946729,0.953437011123016,0.939246299743649,0.00670801112301589,0.00748270025635067
3.05991124459646,0.948676,0.955234693483186,0.941183914184566,0.00655869348318672,0.00749208581543404
3.06305283725005,0.950625,0.956985657222055,0.943121528625483,0.00636065722205437,0.00750347137451723
3.06619442990364,0.952576,0.958687720727953,0.9450591430664,0.00611172072795318,0.00751685693360016
3.06933602255723,0.954529,0.9603387403628,0.947000526428217,0.00580974036279969,0.00752847357178332
3.07247761521082,0.956484,0.961936615505203,0.948945938110347,0.00545261550520282,0.00753806188965322
3.07561920786441,0.958441,0.963479293517082,0.950891349792477,0.00503829351708174,0.00754965020752318
3.078760800518,0.9604,0.964964774619509,0.952836761474607,0.00456477461950899,0.00756323852539353
3.08190239317159,0.962361,0.966391116663737,0.954786613464353,0.00403011666373743,0.00757438653564668
3.08504398582518,0.964324,0.96775643978362,0.956739822387692,0.0034324397836204,0.00758417761230823
3.08818557847877,0.966289000000001,0.969058930915965,0.958693031311031,0.00276993091596478,0.00759596868896972
3.09132717113236,0.968256,0.970296848175686,0.960646240234369,0.0020408481756865,0.00760975976563083
3.09446876378595,0.970225,0.971468525073058,0.962604560852045,0.00124352507305825,0.00762043914795485
3.09761035643954,0.972196,0.97257237456076,0.964565567016597,0.000376374560760229,0.00763043298340338
3.10075194909313,0.974169,0.973606892898926,0.966526573181149,0.000562107101073517,0.00764242681885119
3.10389354174672,0.976144,0.974570663326887,0.9684875793457,0.00157333667311355,0.00765642065430061
3.1070351344003,0.978121,0.975462359530862,0.970454368591305,0.00265864046913755,0.00766663140869472
3.1101767270539,0.9801,0.976280748897452,0.972423171997066,0.00381925110254844,0.00767682800293457
3.11331831970748,0.982081,0.977024695543351,0.974391975402826,0.00505630445664906,0.00768902459717369
3.11645991236107,0.984064,0.977693163112424,0.976360778808587,0.00637083688757589,0.00770322119141287
3.11960150501466,0.986049,0.978285217331879,0.978336036682123,0.0077637826681205,0.00771296331787674
3.12274309766825,0.988036,0.978800028320044,0.980312637329097,0.00923597167995638,0.00772336267090346
3.12588469032184,0.990025,0.979236872638928,0.982289237976071,0.0107881273610719,0.007735762023929
3.12902628297543,0.992016,0.979595135085531,0.984265838623045,0.0124208649144689,0.00775016137695494
3.13216787562902,0.994009,0.979874310216609,0.986249565124509,0.0141346897833917,0.00775943487549113
3.13530946828261,0.996004,0.980074003602394,0.988233963012691,0.0159299963976054,0.0077700369873086
3.1384510609362,0.998001,0.980193932805581,0.990218360900874,0.0178070671944193,0.00778263909912602
3.14159265358979,1,0.980233928082664,0.992202758789056,0.0197660719173361,0.00779724121094361
# L=3.14159265358979, N_series=20, N_fft=512
